file,slot,take,note
aporee/32460_dorchester_south_platform.flac,station.platform,,SW England platform; chatting/site beeps avoided where loud
aporee/51484_berlin_hinterhof_blackbird.mp3,place.courtyard_night,,Kreuzberg Hinterhof evening
aporee/51484_berlin_hinterhof_blackbird.mp3,bird.blackbird,max 4,evening blackbird
commons/Bue_Laeutewerk_zweifach.ogg,crossing.bell,,mechanical Läutewerk
"commons/BÜ_DE,_Schrankensignal,_5.ogg",crossing.bell,,
commons/Columba_palumbus_birdsong.ogg,bird.wood_pigeon,,
commons/Erdkröte_Paarungsruf.OGG,animal.frog,,toad call
commons/Gelaeut_Retzbach_Wallfahrtskirche_14Uhr_Sa_20240413_140026.ogg,church.peal_catholic,,Retzbach pilgrimage church (Catholic)
commons/Glocken.Mater.Dolorosa.ogg,church.peal_catholic,,"Mater Dolorosa, Berlin-Lankwitz (Catholic)"
commons/Grasfrosch_Paarungsrufe.OGG,animal.frog,,common frog calls
commons/Heilbronn_Kilianskirche_Gelaeut_Sa_20241116_1509.ogg,church.peal_protestant,,Kilianskirche Heilbronn (Protestant)
commons/Kauwenslaapplaats_-_SoundCloud_-_luc_de_bruijn.ogg,bird.jackdaw,,jackdaw/crow roost
"commons/Konstanz,_Hafenuhr,_1.ogg",church.strike,,harbour clock hour strike
commons/LindauMuenster.ogg,church.strike,,14:00 strike
commons/Ringeltaube_(ruft).ogg,bird.wood_pigeon,,
commons/S-Bahn_Berlin_-_Tür_schließen.ogg,station.door_warning,,in-train recording
commons/St._Matthias_Trier_Kirchenglocken.ogg,church.peal_catholic,,"St. Matthias abbey, Trier (Catholic)"
commons/Türsignal_der_S-Bahn_Berlin.wav,station.door_warning,,clean door signal
commons/WimpfenBerg_Stadtkirche_GelaeutSonntags_20250427_103128.ogg,church.peal_protestant,,Bad Wimpfen town church (Protestant)
nature/a10_pond_lake_shore_ducks_and_coots/250178_klankbeeld.mp3,nature.water,,
nature/a10_pond_lake_shore_ducks_and_coots/318064_ceich93.mp3,nature.water,,
nature/a10_pond_lake_shore_ducks_and_coots/416038_Kinoton.mp3,nature.water,,note: author Kinoton is on the research exclusion list (redistribution wording)
nature/a10_pond_lake_shore_ducks_and_coots/641717_Garuda1982.mp3,nature.water,,
nature/a10_pond_lake_shore_ducks_and_coots/67884_Benboncan.mp3,nature.water,,
nature/a10_pond_lake_shore_ducks_and_coots/759738_Garuda1982.mp3,nature.water,,
nature/a11_spring_frog_chorus/117147_Benboncan.mp3,nature.frogs,,toad chorus
nature/a11_spring_frog_chorus/117147_Benboncan.mp3,animal.frog,,single toad calls
nature/a11_spring_frog_chorus/147590_Benboncan.mp3,nature.frogs,,common frog chorus
nature/a11_spring_frog_chorus/147590_Benboncan.mp3,animal.frog,max 4,single calls
nature/a11_spring_frog_chorus/431340_eardeer.mp3,nature.frogs,,
nature/a11_spring_frog_chorus/54920_inchadney.mp3,nature.frogs,,
nature/a11_spring_frog_chorus/634459_klankbeeld.mp3,nature.frogs,,
nature/a12_urban_courtyard_garden_birds_with_faint_distan/560354_Garuda1982.mp3,nature.garden,,
nature/a12_urban_courtyard_garden_birds_with_faint_distan/669172_GregorQuendel.mp3,nature.garden,,
nature/a12_urban_courtyard_garden_birds_with_faint_distan/727290_bruno.auzet.mp3,nature.garden,,winter Berlin balcony; spit avoided by the loud-event check
nature/a12_urban_courtyard_garden_birds_with_faint_distan/848273_TimoSchmied.mp3,nature.garden,,
nature/a12_urban_courtyard_garden_birds_with_faint_distan/851386_Garuda1982.mp3,nature.garden,,
nature/a12_urban_courtyard_garden_birds_with_faint_distan/93452_inchadney.mp3,nature.garden,,
nature/a1_spring_summer_dawn_chorus_urban_park_garden/118776_odilonmarcenaro.ogg,nature.dawn_urban,,
nature/a1_spring_summer_dawn_chorus_urban_park_garden/191787_klankbeeld.mp3,nature.dawn_urban,,
nature/a1_spring_summer_dawn_chorus_urban_park_garden/275189_odilonmarcenaro.mp3,nature.dawn_urban,,
nature/a1_spring_summer_dawn_chorus_urban_park_garden/457616_Pfannkuchn.ogg,nature.dawn_urban,,
nature/a1_spring_summer_dawn_chorus_urban_park_garden/516526_richwise.mp3,nature.dawn_urban,,
nature/a2_dawn_chorus_woodland/347631_Rollo145.mp3,nature.dawn_wood,,
nature/a2_dawn_chorus_woodland/466242_richwise.mp3,nature.dawn_wood,,
nature/a2_dawn_chorus_woodland/851196_Funkelfang.mp3,nature.dawn_wood,,
nature/a2_dawn_chorus_woodland/856634_Noisyjones.mp3,nature.dawn_wood,,
nature/a3_daytime_deciduous_woodland_summer/477555_fionablau.mp3,nature.wood_deciduous,,
nature/a3_daytime_deciduous_woodland_summer/571440_Garuda1982.mp3,nature.wood_deciduous,,
nature/a3_daytime_deciduous_woodland_summer/640188_apintofmild.mp3,nature.wood_deciduous,,
nature/a3_daytime_deciduous_woodland_summer/641924_Garuda1982.mp3,nature.wood_deciduous,,
nature/a3_daytime_deciduous_woodland_summer/693184_Garuda1982.mp3,nature.wood_deciduous,,
nature/a4_coniferous_forest/111490_Dr.%20Macak.mp3,nature.wood_conifer,,
nature/a4_coniferous_forest/636425_Garuda1982.mp3,nature.wood_conifer,,
nature/a4_coniferous_forest/849627_Hear_it_use_it.mp3,nature.wood_conifer,,
nature/a4_coniferous_forest/867542_zachrau.mp3,nature.wood_conifer,,summer pine wood; drumming at the start
nature/a4_coniferous_forest/867542_zachrau.mp3,bird.woodpecker,max 2,drumming at the start
nature/a5_winter_forest_sparse_quiet/215704_klankbeeld.mp3,nature.wood_winter,use 839-1383,"author: walkers chatting 0-6:23, jets 8:14-14:07; quiet 13:59-23:03 only"
nature/a5_winter_forest_sparse_quiet/383506_klankbeeld.mp3,nature.wood_winter,,
nature/a5_winter_forest_sparse_quiet/563153_chris_dagorne.mp3,nature.wood_winter,,
nature/a5_winter_forest_sparse_quiet/726466_klankbeeld.mp3,nature.wood_winter,avoid 0-10,kids in the first 10 s
nature/a6_open_field_meadow_summer_skylark_grasshoppers/194343_no_use.mp3,nature.field_summer,,
nature/a6_open_field_meadow_summer_skylark_grasshoppers/198277_miklovan.mp3,nature.field_summer,,
nature/a6_open_field_meadow_summer_skylark_grasshoppers/244357_squashy555.mp3,nature.field_summer,,
nature/a6_open_field_meadow_summer_skylark_grasshoppers/397983_klankbeeld.mp3,nature.field_summer,,
nature/a6_open_field_meadow_summer_skylark_grasshoppers/718405_bruno.auzet.mp3,nature.field_summer,,
nature/a7_autumn_field/135135_inchadney.mp3,nature.field_autumn,,
nature/a7_autumn_field/209338_Porphyr.mp3,nature.field_autumn,,
nature/a7_autumn_field/593685_klankbeeld.mp3,nature.field_autumn,,
nature/a7_autumn_field/763264_klankbeeld.mp3,nature.field_autumn,,
nature/a8_summer_night_crickets_bush_crickets/118419_zerrofs.mp3,nature.night_crickets,,
nature/a8_summer_night_crickets_bush_crickets/203598_raoul_slayer.mp3,nature.night_crickets,,crickets
nature/a8_summer_night_crickets_bush_crickets/203598_raoul_slayer.mp3,bird.tawny_owl,max 3,hoots over the crickets
nature/a8_summer_night_crickets_bush_crickets/530762_kevp888.mp3,nature.night_crickets,,
nature/a8_summer_night_crickets_bush_crickets/642761_Garuda1982.mp3,nature.night_crickets,,
nature/a8_summer_night_crickets_bush_crickets/676639_klankbeeld.mp3,nature.night_crickets,,one dog bark and one car avoided by the loud-event check
nature/a8_summer_night_crickets_bush_crickets/849166_klankbeeld.mp3,nature.night_crickets,,
nature/a9_quiet_countryside_night/400353_savvah.mp3,nature.night_country,,
nature/a9_quiet_countryside_night/687446_MaciekKubera.mp3,nature.night_country,,
nature/a9_quiet_countryside_night/769933_klankbeeld.mp3,nature.night_country,,
nature/a9_quiet_countryside_night/770858_klankbeeld.mp3,nature.night_country,,
nature/black_headed_gull_chroicocephalus_ridibundus/32330_ERH.mp3,bird.gull,,
nature/black_headed_gull_chroicocephalus_ridibundus/483554_naturenotesuk.mp3,nature.water,,autumn reservoir bed
nature/black_headed_gull_chroicocephalus_ridibundus/483554_naturenotesuk.mp3,bird.gull,max 4,gull calls from the lake bed
nature/black_headed_gull_chroicocephalus_ridibundus/848876_Fania_Katz.mp3,bird.gull,,
nature/blue_tit_cyanistes_caeruleus/34196_reinsamba.mp3,bird.blue_tit,,
nature/blue_tit_cyanistes_caeruleus/52184_ERH.mp3,bird.blue_tit,,
nature/blue_tit_cyanistes_caeruleus/556929_Cinetony.mp3,bird.blue_tit,,
nature/carrion_crow_corvus_corone/181088_cfrooos.mp3,bird.crow,,
nature/carrion_crow_corvus_corone/58838_reinsamba.mp3,bird.crow,,
nature/carrion_crow_corvus_corone/616649_klankbeeld.mp3,bird.crow,,
nature/carrion_crow_corvus_corone/96950_Benboncan.mp3,bird.crow,,
nature/chaffinch_fringilla_coelebs/53973_reinsamba.mp3,bird.chaffinch,,
nature/chaffinch_fringilla_coelebs/69301_inchadney.mp3,bird.chaffinch,,
nature/chaffinch_fringilla_coelebs/828439_farandjoun.mp3,bird.chaffinch,,
nature/common_blackbird_turdus_merula/578852_richwise.mp3,bird.blackbird,,
nature/common_blackbird_turdus_merula/72947_Benboncan.mp3,bird.blackbird,,
nature/common_blackbird_turdus_merula/811988_richwise.mp3,bird.blackbird,,
nature/common_blackbird_turdus_merula/851183_Funkelfang.mp3,bird.blackbird,,dusk song with village; cut into phrases
nature/common_cuckoo_cuculus_canorus/121203_inchadney.mp3,bird.cuckoo,,
nature/common_cuckoo_cuculus_canorus/35053_reinsamba.mp3,bird.cuckoo,,
nature/common_cuckoo_cuculus_canorus/376703_plantmonkey.mp3,bird.cuckoo,,
nature/common_cuckoo_cuculus_canorus/425315_chris_dagorne.mp3,nature.wood_deciduous,,early-spring wood with cuckoo
nature/common_cuckoo_cuculus_canorus/425315_chris_dagorne.mp3,bird.cuckoo,max 4,cuckoo calls in the bed
nature/common_swift_apus_apus/102245_inchadney.mp3,bird.swift,,"swifts over town, cut into calls"
nature/common_swift_apus_apus/478455_Kinoton.mp3,bird.swift,,note: author Kinoton is on the research exclusion list (redistribution wording)
nature/common_swift_apus_apus/611708_Kinoton.mp3,bird.swift,,evening swift bed cut into calls; note: author Kinoton is on the research exclusion list
nature/common_swift_apus_apus/745891_bruno.auzet.mp3,bird.swift,,
nature/cows_mooing_pasture/163727_felix.blume.mp3,animal.cow,,
nature/cows_mooing_pasture/242602_klankbeeld.mp3,place.village,,"farmland, cows, far bells"
nature/cows_mooing_pasture/242602_klankbeeld.mp3,animal.cow,,cows at 10 and 60 m
nature/cows_mooing_pasture/513565_spurioustransients.mp3,animal.cow,,
nature/cows_mooing_pasture/692841_bruno.auzet.mp3,nature.field_summer,,meadow with cows
nature/cows_mooing_pasture/692841_bruno.auzet.mp3,animal.cow,,moos from the meadow bed
nature/distant_dog_barking_village_suburb/360616_klankbeeld.mp3,animal.dog,,
nature/distant_dog_barking_village_suburb/554600_Garuda1982.mp3,animal.dog,,
nature/distant_dog_barking_village_suburb/708174_Garuda1982.mp3,animal.dog,,
nature/distant_dog_barking_village_suburb/820267_IENBA.mp3,animal.dog,,
nature/european_robin_erithacus_rubecula/165527_inchadney.mp3,bird.robin,,
nature/european_robin_erithacus_rubecula/350968_YleArkisto.mp3,bird.robin,,
nature/european_robin_erithacus_rubecula/725331_Sacha.Julien.mp3,bird.robin,,
nature/feral_rock_pigeon_cooing_and_wing_flaps/387207_BeeProductive.mp3,bird.feral_pigeon,,flock bed cut into calls
nature/feral_rock_pigeon_cooing_and_wing_flaps/528250_csaszi.mp3,bird.feral_pigeon,,
nature/feral_rock_pigeon_cooing_and_wing_flaps/608899_theplax.mp3,bird.feral_pigeon,,
nature/feral_rock_pigeon_cooing_and_wing_flaps/701282_5ro4.mp3,bird.feral_pigeon,,
nature/geese_flying_over_greylag_canada_white_fronted_aut/407490_mike_stranks.mp3,bird.geese,,
nature/geese_flying_over_greylag_canada_white_fronted_aut/484825_naturenotesuk.mp3,bird.geese,,
nature/geese_flying_over_greylag_canada_white_fronted_aut/492414_klankbeeld.mp3,bird.geese,,
nature/geese_flying_over_greylag_canada_white_fronted_aut/625674_klankbeeld.mp3,bird.geese,,
nature/geese_flying_over_greylag_canada_white_fronted_aut/785170_klankbeeld.mp3,bird.geese,,
nature/great_tit_parus_major/346066_pulswelle.mp3,bird.great_tit,,
nature/great_tit_parus_major/607242_D4XX.mp3,bird.great_tit,,
nature/great_tit_parus_major/849566_GirlWithSoundRecorder.mp3,bird.great_tit,,
nature/green_woodpecker_picus_viridis_and_great_spotted_w/428146_naturenotesuk.mp3,bird.woodpecker,,
nature/green_woodpecker_picus_viridis_and_great_spotted_w/631584_Garuda1982.mp3,nature.garden,,city park bed
nature/green_woodpecker_picus_viridis_and_great_spotted_w/631584_Garuda1982.mp3,bird.woodpecker,,woodpeckers in the park bed
nature/green_woodpecker_picus_viridis_and_great_spotted_w/64063_Benboncan.mp3,bird.woodpecker,,
nature/green_woodpecker_picus_viridis_and_great_spotted_w/828190_farandjoun.mp3,bird.woodpecker,,
nature/green_woodpecker_picus_viridis_and_great_spotted_w/828376_klankbeeld.mp3,bird.woodpecker,,
nature/honeybees_bumblebees_on_flowers/397113_Kinoton.mp3,nature.bees,,note: author Kinoton is on the research exclusion list (redistribution wording)
nature/honeybees_bumblebees_on_flowers/398162_klankbeeld.mp3,nature.bees,,
nature/honeybees_bumblebees_on_flowers/521364_taylordonj.mp3,nature.bees,,"12 s file, whole file used"
nature/honeybees_bumblebees_on_flowers/528935_fthgurdy.mp3,nature.bees,,"short file, whole file used"
nature/house_sparrow_passer_domesticus/30338_ERH.mp3,bird.sparrow,,
nature/house_sparrow_passer_domesticus/383160_BeeProductive.mp3,bird.sparrow,,
nature/house_sparrow_passer_domesticus/670176_freemaster2.mp3,bird.sparrow,,
nature/jackdaw_coloeus_monedula/612814_GeniusKevin.mp3,bird.jackdaw,,
nature/jackdaw_coloeus_monedula/716504_naturenotesuk.mp3,bird.jackdaw,,
nature/jackdaw_coloeus_monedula/826901_bruno.auzet.mp3,bird.jackdaw,,town-square jackdaw bed cut into calls
nature/magpie_pica_pica/264326_YleArkisto.mp3,bird.magpie,,
nature/magpie_pica_pica/402971_straget.mp3,bird.magpie,,
nature/magpie_pica_pica/555096_naturenotesuk.mp3,bird.magpie,,
nature/mallard_anas_platyrhynchos/263104_pillonoise.mp3,bird.mallard,,
nature/mallard_anas_platyrhynchos/324087_Iggyf.mp3,bird.mallard,avoid 82-90,pheasant take-off at 1:24
nature/mallard_anas_platyrhynchos/411849_straget.mp3,bird.mallard,,
nature/nightingale_luscinia_megarhynchos/120226_reinsamba.mp3,bird.nightingale,,
nature/nightingale_luscinia_megarhynchos/515220_JappeHallunken.mp3,bird.nightingale,,
nature/nightingale_luscinia_megarhynchos/732426_pulswelle.mp3,bird.nightingale,,
nature/nightingale_luscinia_megarhynchos/871381_MichiJung.mp3,bird.nightingale,,
nature/rook_corvus_frugilegus/556221_Walking.With.Microphones.mp3,bird.rook,,
nature/rook_corvus_frugilegus/744595_genghisattenborough.mp3,bird.rook,,
nature/rook_corvus_frugilegus/855714_Shuhmi.mp3,bird.rook,,rookery bed cut into calls
nature/rooster_crowing/269199_klankbeeld.mp3,place.village,,hamlet morning
nature/rooster_crowing/269199_klankbeeld.mp3,animal.rooster,,roosters in the hamlet bed
nature/rooster_crowing/435508_BenjaminNelan.mp3,animal.rooster,,
nature/rooster_crowing/636870_Garuda1982.mp3,animal.rooster,,
nature/rooster_crowing/815127_AudioPapkin.mp3,animal.rooster,,
nature/skylark_alauda_arvensis/159374_reinsamba.mp3,bird.skylark,,
nature/skylark_alauda_arvensis/399221_Veridiansunrise.mp3,bird.skylark,,
nature/starling_sturnus_vulgaris/254983_dommygee.mp3,bird.starling,,
nature/starling_sturnus_vulgaris/371315_oudodou.mp3,bird.starling,,
nature/starling_sturnus_vulgaris/572500_Garuda1982.mp3,bird.starling,,
nature/tawny_owl_strix_aluco/116663_Benboncan.mp3,bird.tawny_owl,,
nature/tawny_owl_strix_aluco/202917_sean.townsend.mp3,bird.tawny_owl,,
nature/tawny_owl_strix_aluco/454842_thegoosington.mp3,bird.tawny_owl,,
nature/tawny_owl_strix_aluco/735744_Vrymaa.mp3,bird.tawny_owl,,
nature/wood_pigeon_columba_palumbus/607224_D4XX.mp3,bird.wood_pigeon,,
nature/wood_pigeon_columba_palumbus/613924_klankbeeld.mp3,bird.wood_pigeon,,
objects/10_bus_depot_garage_yard_weakest_category/386142_ldezem.mp3,depot.air,,compressor hiss
objects/10_bus_depot_garage_yard_weakest_category/453415_kyles.mp3,depot.yard,,diesel idle
objects/10_bus_depot_garage_yard_weakest_category/454420_kyles.mp3,depot.yard,,coach pull-up and idle
objects/10_bus_depot_garage_yard_weakest_category/454420_kyles.mp3,depot.air,max 3,air release
objects/10_bus_depot_garage_yard_weakest_category/607820_PostProdDog.mp3,depot.air,,air brakes
objects/11_workshop_metalworking_schlosserei/189817_iankath.mp3,workshop.metal,,
objects/11_workshop_metalworking_schlosserei/26798_Walter_Odington.mp3,workshop.metal,,
objects/11_workshop_metalworking_schlosserei/475217_jodybruchon.mp3,workshop.metal,,
objects/11_workshop_metalworking_schlosserei/547409_Ian_G.mp3,workshop.metal,,
objects/11_workshop_metalworking_schlosserei/636858_Alex_hears_things.mp3,workshop.metal,,
objects/12_road_works/248152_pulswelle.mp3,roadworks,,
objects/12_road_works/277500_dr_elvis01.mp3,roadworks,,
objects/12_road_works/341268_JoeDinesSound.mp3,roadworks,,
objects/12_road_works/378102_AGFX.mp3,roadworks,,
objects/12_road_works/422081_Garuda1982.mp3,roadworks,,
objects/12_road_works/449121_SampleDiaries.mp3,roadworks,,
objects/12_road_works/610539_xkeril.mp3,roadworks,,
objects/12_road_works/698751_Petrosilia.mp3,roadworks,,
objects/13_transformer_substation_hum_50_hz_and_street_lam/167673_Zabuhailo.mp3,hum.substation,,
objects/13_transformer_substation_hum_50_hz_and_street_lam/434070_namikiri.mp3,hum.lamp,,"8 s, whole file"
objects/13_transformer_substation_hum_50_hz_and_street_lam/542623_fi2lcallpeace.mp3,hum.lamp,,night street with lamp buzz
objects/13_transformer_substation_hum_50_hz_and_street_lam/577462_dibko.mp3,hum.substation,,
objects/13_transformer_substation_hum_50_hz_and_street_lam/590134_namikiri.mp3,hum.lamp,,
objects/13_transformer_substation_hum_50_hz_and_street_lam/649260_Fedor_Ogon.mp3,hum.substation,,plane avoided by loud-event check
objects/13_transformer_substation_hum_50_hz_and_street_lam/680647_ID_23.mp3,hum.substation,,walking past; calmest stretch
objects/14_railway_station/121260_ondrosik.mp3,crossing.bell,,
objects/14_railway_station/264321_olliehahn12.mp3,station.door_warning,,conductor whistle; closest slot (departure signal)
objects/14_railway_station/400203_Lichtbildner.mp3,station.platform,,
objects/14_railway_station/553190_NachtmahrTV.mp3,station.platform,,
objects/14_railway_station/560907_Pfannkuchn.mp3,station.announce,,"full S-Bahn stop: doors, announcement, departure"
objects/14_railway_station/692936_iainmccurdy.mp3,station.door_warning,,S-Bahn stop with door warning beeps
objects/14_railway_station/727286_bruno.auzet.mp3,station.platform,,
objects/14_railway_station/817279_Urkki69.mp3,station.door_warning,,conductor whistle; closest slot (departure signal)
objects/15_pedestrian_crossing_signals/107220_keithpeter.mp3,ped.puffin_uk,,
objects/15_pedestrian_crossing_signals/147848_MacFerret_20.mp3,ped.puffin_uk,,full pelican cycle
objects/15_pedestrian_crossing_signals/347332_gladkiy.mp3,ped.blind_de,,Berlin crossroad in context
objects/15_pedestrian_crossing_signals/395610_BeeProductive.mp3,ped.puffin_uk,,
objects/15_pedestrian_crossing_signals/566342_Garuda1982.mp3,ped.blind_de,,
objects/15_pedestrian_crossing_signals/718647_LukasGoldbach.mp3,ped.blind_de,,
objects/15_pedestrian_crossing_signals/855047_SMKoski02.mp3,ped.blind_de,,Kotti in context
objects/15_pedestrian_crossing_signals/95294_loljames.mp3,ped.puffin_uk,,
objects/1a_german_full_peal_vollgel_ut_several_minutes/511546_polymorpheva.mp3,church.peal_catholic,,Cologne Cathedral (big cathedral)
objects/1a_german_full_peal_vollgel_ut_several_minutes/641075_gurlt.mp3,church.peal_protestant,,"Protestant St. Nikolai, Spandau"
objects/1a_german_full_peal_vollgel_ut_several_minutes/740617_Garuda1982.mp3,church.peal_protestant,,"Protestant Gethsemane, Leipzig"
objects/1a_german_full_peal_vollgel_ut_several_minutes/766854_polymorpheva.mp3,church.peal_catholic,,"Catholic St. Clara, Neukölln"
objects/1a_german_full_peal_vollgel_ut_several_minutes/844602_geraldfiebig.mp3,church.peal_catholic,use 4-132,"Catholic basilica Augsburg; handling at start, talking at end trimmed"
objects/1b_single_bell_hour_strikes_stundenschlag_quarter_/148742_reinsamba.mp3,church.angelus,,Angelus 3x3 then ringing
objects/1b_single_bell_hour_strikes_stundenschlag_quarter_/219044_JarredGibb.mp3,church.strike,,hour-strike set
objects/1b_single_bell_hour_strikes_stundenschlag_quarter_/219047_JarredGibb.mp3,church.strike,,hour-strike set
objects/1b_single_bell_hour_strikes_stundenschlag_quarter_/38010_reinsamba.mp3,church.strike,,German hour strike (nine)
objects/1b_single_bell_hour_strikes_stundenschlag_quarter_/500324_claraluzia.mp3,church.strike,use 0-58,quarters + hour strike before the noon ringing
objects/1b_single_bell_hour_strikes_stundenschlag_quarter_/500324_claraluzia.mp3,church.angelus,use 62-198,noon ringing after the strikes
objects/1c_english_change_ringing_uk_map/125825_thaighaudio.mp3,church.change_ringing,,
objects/1c_english_change_ringing_uk_map/431844_jlm5040.mp3,church.change_ringing,,recorded inside the spire; close and dry
objects/1c_english_change_ringing_uk_map/660230_richwise.mp3,church.change_ringing,,
objects/1c_english_change_ringing_uk_map/660336_theplax.mp3,church.change_ringing,use 0-235,another clock chimes at ~4:00
objects/2_school/124437_dreua.mp3,school.bell,,electric school bell
objects/2_school/174031_thecityrings.mp3,school.bell,,school bell Essen
objects/2_school/174032_thecityrings.mp3,school.yard,,
objects/2_school/203653_Hansl.mp3,school.gong,,Wandel & Goltermann Schulgong
objects/2_school/209901_foongaz.mp3,kindergarten.yard,,"Berlin playground, closest slot"
objects/2_school/262677_caquet.mp3,school.yard,,
objects/2_school/538220_Garuda1982.mp3,school.yard,,
objects/2_school/726511_Pedro_Neon.mp3,kindergarten.yard,,
objects/3_petrol_station_forecourt_car_wash/174735_qubodup.mp3,petrol.forecourt,,
objects/3_petrol_station_forecourt_car_wash/176637_jorickhoofd.mp3,petrol.forecourt,,pump and door events
objects/3_petrol_station_forecourt_car_wash/245042_kwahmah_02.mp3,petrol.forecourt,,
objects/3_petrol_station_forecourt_car_wash/451551_WryFighter.mp3,petrol.forecourt,,"pump one-shot; no event slot, closest loop slot"
objects/3_petrol_station_forecourt_car_wash/97935_jakobthiesen.mp3,petrol.forecourt,,"forecourt event sequence; no event slot, used as loop take"
objects/4_supermarket_exterior/183993_qubodup.mp3,supermarket.outside,,"trolley-return one-shot; short, whole file"
objects/4_supermarket_exterior/209746_Soundscape_Leuphana.mp3,supermarket.outside,,"trolley one-shot; short, whole file"
objects/4_supermarket_exterior/209978_Soundscape_Leuphana.mp3,supermarket.outside,,"trolley one-shot; short, whole file"
objects/4_supermarket_exterior/232957_ArnyDnD.mp3,supermarket.outside,,"sliding-door one-shot; short, whole file"
objects/4_supermarket_exterior/453553_kyles.mp3,supermarket.outside,,
objects/4_supermarket_exterior/482290_richwise.mp3,supermarket.outside,,
objects/4_supermarket_exterior/680406_theplax.mp3,supermarket.outside,,
objects/4_supermarket_exterior/854877_qubodup.mp3,supermarket.outside,,"sliding-door one-shot; short, whole file"
objects/5_imbiss_snack_kiosk_ice_cream_parlour_exterior/455653_Audeption.mp3,imbiss.outside,,
objects/5_imbiss_snack_kiosk_ice_cream_parlour_exterior/472881_bolkmar.mp3,imbiss.outside,,
objects/5_imbiss_snack_kiosk_ice_cream_parlour_exterior/626159_Rolly-SFX.mp3,imbiss.outside,,
objects/5_imbiss_snack_kiosk_ice_cream_parlour_exterior/81834_metropolis%20I.mp3,imbiss.outside,,
objects/5_imbiss_snack_kiosk_ice_cream_parlour_exterior/822432_taphonomy.mp3,imbiss.outside,,
objects/6_outdoor_swimming_pool_freibad/172770_Oneirophile.mp3,pool.outdoor,,
objects/6_outdoor_swimming_pool_freibad/238386_felix.blume.mp3,pool.outdoor,,
objects/6_outdoor_swimming_pool_freibad/432326_Garuda1982.mp3,pool.outdoor,,
objects/6_outdoor_swimming_pool_freibad/529787_bruno.auzet.mp3,pool.outdoor,,
objects/7_sports_ground/319373_hargissssound.mp3,sports.tennis,,tennis and kids
objects/7_sports_ground/361060_klankbeeld.mp3,sports.football,,
objects/7_sports_ground/542617_fi2lcallpeace.mp3,sports.football,,
objects/7_sports_ground/621275_soundguyOndrej.mp3,sports.football,,
objects/7_sports_ground/803251_AlexMilsom.mp3,sports.tennis,,"one low plane, loud-event check"
objects/8_pigeon_loft_pigeons/24972_dobroide.mp3,pigeons.loft,,
objects/8_pigeon_loft_pigeons/415019_NickPeeters.mp3,pigeons.loft,,
objects/8_pigeon_loft_pigeons/778143_Beskinsky.mp3,pigeons.loft,,
objects/9_farm/233268_JarredGibb.mp3,farm.yard,,
objects/9_farm/440508_jmagiera.mp3,farm.tractor,,tractor idle
objects/9_farm/583049_Profispiesser.mp3,farm.yard,,
objects/9_farm/660694_bruno.auzet.mp3,farm.yard,,
objects/9_farm/692608_Garuda1982.mp3,farm.yard,,chicks
objects/9_farm/822396_Rahora.mp3,farm.tractor,,tractor with trailer
urban/10_crowd_walla_unintelligible_distant/362353_Pandos.mp3,crowd.en,,
urban/10_crowd_walla_unintelligible_distant/405317_kyles.mp3,crowd.de,,"festival, German voices"
urban/10_crowd_walla_unintelligible_distant/405317_kyles.mp3,crowd.en,,"festival, English voices"
urban/10_crowd_walla_unintelligible_distant/457606_Pfannkuchn.mp3,crowd.de,,
urban/10_crowd_walla_unintelligible_distant/459161_LudwigMueller.mp3,crowd.de,avoid 350-517,police siren after ~6 min
urban/10_crowd_walla_unintelligible_distant/550916_Profispiesser.mp3,crowd.de,,
urban/10_crowd_walla_unintelligible_distant/731247_soundandmelodies.mp3,crowd.en,,
urban/10_crowd_walla_unintelligible_distant/872738_SignatureSoundsOrg.mp3,crowd.en,,
urban/1a_day/219877_klankbeeld.mp3,place.city_night,avoid 215-255,heating outlet 3:40-4:10
urban/1a_day/426894_danner.mp3,place.city_day,,
urban/1a_day/427096_danner.mp3,place.city_day,,
urban/1a_day/495866_Yakobb1.mp3,place.city_day,,
urban/1b_night/178704_Carlvus.mp3,place.city_night,,
urban/1b_night/321728_Skjor1.mp3,place.city_night,,
urban/1b_night/642296_fred.rabelo.mp3,place.city_night,,
urban/1b_night/727292_bruno.auzet.mp3,place.city_night,use 60-260,windy night: middle section only
urban/2_residential_apartment_block_courtyard_hinterhof_/238629_SwampCommand.mp3,place.courtyard_night,,evening courtyard
urban/2_residential_apartment_block_courtyard_hinterhof_/474189_OneTwo_BER.mp3,place.courtyard_night,use 0-185,evening; fire brigade from 3:09
urban/2_residential_apartment_block_courtyard_hinterhof_/474189_OneTwo_BER.mp3,far.siren_de,use 186-299; max 2,Feuerwehr heard from the courtyard
urban/2_residential_apartment_block_courtyard_hinterhof_/474189_OneTwo_BER.mp3,far.door,use 0-185; max 1,the door slam
urban/2_residential_apartment_block_courtyard_hinterhof_/487432_BockelSound.mp3,place.courtyard_day,,
urban/2_residential_apartment_block_courtyard_hinterhof_/487879_BockelSound.mp3,place.courtyard_day,,winter morning
urban/2_residential_apartment_block_courtyard_hinterhof_/521001_blaukreuz.mp3,place.courtyard_day,,barks avoided by the loud-event check
urban/2_residential_apartment_block_courtyard_hinterhof_/849171_simgo.mp3,place.courtyard_day,,
urban/3_suburb_detached_houses_quiet_distant_road_birds/386932_richwise.mp3,place.suburb,,
urban/3_suburb_detached_houses_quiet_distant_road_birds/660878_DarkProductions_2016.mp3,place.suburb,,wet windy day (rain baked in)
urban/3_suburb_detached_houses_quiet_distant_road_birds/736868_Garuda1982.mp3,place.suburb,,
urban/3_suburb_detached_houses_quiet_distant_road_birds/784086_IanGW.mp3,place.suburb,avoid 235-260,cat at the end
urban/3_suburb_detached_houses_quiet_distant_road_birds/851175_Garuda1982.mp3,place.suburb,,
urban/4_village_very_quiet_rural_distant_farm_machinery_/511193_lazymonk.mp3,place.village,use 480-4638,countryside after the bell practice
urban/4_village_very_quiet_rural_distant_farm_machinery_/511193_lazymonk.mp3,church.change_ringing,use 0-118; use 238-462,bell practice at the start (two touches)
urban/4_village_very_quiet_rural_distant_farm_machinery_/565321_richwise.mp3,place.village,,
urban/4_village_very_quiet_rural_distant_farm_machinery_/808021_IanGW.mp3,place.village,,nearby road traffic
urban/4_village_very_quiet_rural_distant_farm_machinery_/847111_TSP-Talk.mp3,place.village,,
urban/4_village_very_quiet_rural_distant_farm_machinery_/852010_Garuda1982.mp3,place.village,,
urban/5_distant_motorway_autobahn_roar_and_distant_arter/208502_monotraum.mp3,place.motorway,,
urban/5_distant_motorway_autobahn_roar_and_distant_arter/467941_stefan_machu.mp3,place.motorway,,
urban/5_distant_motorway_autobahn_roar_and_distant_arter/469597_richwise.mp3,place.arterial,,distant main road with a river close
urban/5_distant_motorway_autobahn_roar_and_distant_arter/583294_Profispiesser.mp3,place.motorway,,
urban/5_distant_motorway_autobahn_roar_and_distant_arter/658590_Tom_Kaszuba.mp3,place.motorway,,
urban/6a_distant_train_passing_s_bahn_regional_freight/475501_o_ciz.mp3,far.train,,
urban/6a_distant_train_passing_s_bahn_regional_freight/547950_greysound.mp3,far.train,,
urban/6a_distant_train_passing_s_bahn_regional_freight/560912_Pfannkuchn.mp3,far.train,,
urban/6a_distant_train_passing_s_bahn_regional_freight/633133_Garuda1982.mp3,far.train,,
urban/6a_distant_train_passing_s_bahn_regional_freight/750594_Irmsch.mp3,far.train,,
urban/6a_distant_train_passing_s_bahn_regional_freight/756215_Geoff-Bremner-Audio.mp3,far.train,,
urban/6b_rail_yard_station_area_hum_wheel_clatter_at_dis/399228_randomuser22.mp3,place.railway,,
urban/6b_rail_yard_station_area_hum_wheel_clatter_at_dis/643048_TSP-Talk.mp3,place.railway,,
urban/6b_rail_yard_station_area_hum_wheel_clatter_at_dis/812360_giuliorasi.mp3,far.rail_clatter,,"rail grinding clang at night, closest slot"
urban/6c_platform_ambience_with_unintelligible_announcem/349173_whoank.mp3,far.train,,ICE pass-through
urban/6c_platform_ambience_with_unintelligible_announcem/386480_Skjor1.mp3,station.announce,,train approach and tannoy
urban/6c_platform_ambience_with_unintelligible_announcem/394411_InspectorJ.mp3,station.platform,,
urban/6c_platform_ambience_with_unintelligible_announcem/528103_Garuda1982.mp3,station.platform,,
urban/6c_platform_ambience_with_unintelligible_announcem/583604_richwise.mp3,station.platform,,
urban/6c_platform_ambience_with_unintelligible_announcem/608860_Garuda1982.mp3,station.platform,,
urban/6c_platform_ambience_with_unintelligible_announcem/645697_polymorpheva.mp3,station.announce,,Ostkreuz announcements
urban/6c_platform_ambience_with_unintelligible_announcem/733580_misperpodcast.mp3,station.platform,,
urban/7a_room_tones/160002_klangfabrik.mp3,place.tunnel,,
urban/7a_room_tones/174737_qubodup.mp3,place.tunnel,,
urban/7a_room_tones/517391_Profispiesser.mp3,far.rail_clatter,,"tram rumble in an underpass, closest slot"
urban/7a_room_tones/529580_Garuda1982.mp3,place.tunnel,,
urban/7b_impulse_responses_all_cc0/345344_BeatsBasteln.mp3,ir.tunnel,,village tunnel
urban/7b_impulse_responses_all_cc0/537673_Tim_Verberne.mp3,ir.tunnel,,IR_ST_Tunnel_02 (modelled)
urban/7b_impulse_responses_all_cc0/731465_djericmark.mp3,ir.tunnel,,wide underpass
urban/7b_impulse_responses_all_cc0/812604_modusmogulus.mp3,ir.tunnel,,underpass
urban/7b_impulse_responses_all_cc0/816877_newlocknew.mp3,ir.street,,apartment-block street
urban/7b_impulse_responses_all_cc0/816877_newlocknew.mp3,ir.courtyard,,apartment blocks; nearest to a courtyard
urban/7b_impulse_responses_all_cc0/846029_modusmogulus.mp3,ir.tunnel,,300 m steel tunnel
urban/8_industrial_area/197166_Disasteradio.mp3,far.forklift,,synthetic beeper
urban/8_industrial_area/221927_peridactyloptrix.mp3,far.forklift,,
urban/8_industrial_area/553920_RutgerMuller.mp3,place.industrial,use 0-300,factory hum shuts off halfway
urban/8_industrial_area/798045_JW_Audio.mp3,place.industrial,,
urban/8_industrial_area/801337_vhio.mp3,place.industrial,,ventilation and rain
urban/8_industrial_area/801337_vhio.mp3,rain.shelter,,rain on a plastic bus-shelter roof
urban/9_distant_one_shots/164444_martinimeniscus.mp3,far.tractor,,
urban/9_distant_one_shots/170338_micadoe.mp3,far.chainsaw,,
urban/9_distant_one_shots/184946_Hitrison.mp3,far.lawnmower,,"title: Distant Lawn Mower, Leaf Blower, Weed Eater (machines not separable by time, kept in lawnmower)"
urban/9_distant_one_shots/204841_Yuval.mp3,far.bin_lorry,use 0-520,truck first (split point estimated from the level)
urban/9_distant_one_shots/204841_Yuval.mp3,far.leaf_blower,use 520-1024,leaf blowers later (split point estimated)
urban/9_distant_one_shots/325280_deleted_user_2104797.mp3,far.siren_uk,,
urban/9_distant_one_shots/370305_Euphrosyyn.mp3,far.door,,heard from inside
urban/9_distant_one_shots/392481_gpag1.mp3,far.aircraft,,propeller
urban/9_distant_one_shots/447767_EricsSoundschmiede.mp3,far.siren_de,,
urban/9_distant_one_shots/451953_kyles.mp3,far.aircraft,,
urban/9_distant_one_shots/455517_richwise.mp3,far.fireworks,,
urban/9_distant_one_shots/456201_Archos.mp3,far.fireworks,,
urban/9_distant_one_shots/472785_richwise.mp3,far.helicopter,,
urban/9_distant_one_shots/473539_richwise.mp3,far.helicopter,,long hover
urban/9_distant_one_shots/488011_BenDrain.mp3,far.tractor,,
urban/9_distant_one_shots/512876_pblzr.mp3,far.chainsaw,,
urban/9_distant_one_shots/513393_shelbyshark.mp3,far.leaf_blower,,
urban/9_distant_one_shots/535776_Breviceps.mp3,far.siren_de,,
urban/9_distant_one_shots/552382_Garuda1982.mp3,far.fireworks,,
urban/9_distant_one_shots/577285_TRP.mp3,far.lawnmower,,
urban/9_distant_one_shots/578121_ilmari_freesound.mp3,far.snow_shovel,,
urban/9_distant_one_shots/581376_Breviceps.mp3,far.siren_de,,
urban/9_distant_one_shots/615841_crowcountingman.mp3,far.snow_shovel,,
urban/9_distant_one_shots/626804_rimidaL.mp3,far.bin_lorry,,
urban/9_distant_one_shots/636862_Alex_hears_things.mp3,far.aircraft,,
urban/9_distant_one_shots/732689_LewisEmmott5.mp3,far.siren_uk,,"title: City Centre_Distant Sirens; country not stated, siren type unverified"
urban/9_distant_one_shots/814318_gis_sweden.mp3,far.aircraft,,propeller
urban/9_distant_one_shots/824557_TicAshfield.mp3,far.siren_uk,,
urban/9_distant_one_shots/824560_TicAshfield.mp3,far.siren_uk,,
urban/9_distant_one_shots/841160_anderperetx.mp3,far.fireworks,,
weather/1a_drizzle_light_rain/171980_conleec.mp3,rain.light,,
weather/1a_drizzle_light_rain/262029_klankbeeld.mp3,rain.light,,
weather/1a_drizzle_light_rain/380651_BonnyOrbit.mp3,rain.light,,
weather/1a_drizzle_light_rain/66415_vedas.mp3,rain.light,,
weather/1b_moderate_rain/217236_roofusj.mp3,rain.moderate,,
weather/1b_moderate_rain/868976_klaard.mp3,rain.moderate,,thunder avoided by loud-event check
weather/1b_moderate_rain/868976_klaard.mp3,thunder.rain,max 4,thunder inside the rain
weather/1b_moderate_rain/868977_klaard.mp3,rain.moderate,,thunder avoided by loud-event check
weather/1b_moderate_rain/868977_klaard.mp3,thunder.rain,max 4,thunder inside the rain
weather/1b_moderate_rain/871284_klankbeeld.mp3,rain.moderate,,
weather/1c_heavy_downpour/171981_conleec.mp3,rain.heavy,,
weather/1c_heavy_downpour/243629_lebaston100.mp3,rain.heavy,,
weather/1c_heavy_downpour/641865_Garuda1982.mp3,rain.heavy,,
weather/1c_heavy_downpour/759327_iainmccurdy.mp3,rain.heavy,,thunder episodes avoided
weather/1c_heavy_downpour/759327_iainmccurdy.mp3,thunder.rain,max 4,thunder inside the downpour
weather/2a_on_asphalt_street/149241_conleec.mp3,rain.asphalt,,
weather/2a_on_asphalt_street/24370_dobroide.mp3,rain.asphalt,,
weather/2a_on_asphalt_street/276875_FrojeoStern.mp3,rain.asphalt,,
weather/2b_on_tree_foliage/169031_tim.kahn.mp3,rain.foliage,,
weather/2b_on_tree_foliage/370154_dobroide.mp3,rain.foliage,,
weather/2b_on_tree_foliage/678435_Borgory.mp3,rain.foliage,,
weather/2b_on_tree_foliage/757276_Garuda1982.mp3,rain.foliage,,
weather/2c_on_a_metal_plastic_shelter_roof_heard_from_unde/181033_Toby_Crane.mp3,rain.shelter,,
weather/2c_on_a_metal_plastic_shelter_roof_heard_from_unde/239939_GregorQuendel.mp3,rain.shelter,,
weather/2c_on_a_metal_plastic_shelter_roof_heard_from_unde/243969_Metzik.mp3,rain.shelter,,
weather/2c_on_a_metal_plastic_shelter_roof_heard_from_unde/650428_frenkfurth.mp3,rain.shelter,,
weather/2c_on_a_metal_plastic_shelter_roof_heard_from_unde/669484_xkeril.mp3,rain.shelter,,light rain/sleet on metal roof
weather/2d_into_puddles/184629_Erbsland-Music.mp3,rain.puddles,,
weather/2e_gutter_downpipe_gurgling/346566_hannagreen.mp3,rain.downpipe,,thunder avoided by loud-event check
weather/2e_gutter_downpipe_gurgling/465698_realgone.mp3,rain.downpipe,,
weather/2e_gutter_downpipe_gurgling/71594_digifishmusic.mp3,rain.downpipe,,
weather/2e_gutter_downpipe_gurgling/747532_holstebroe.mp3,rain.downpipe,,
weather/2f_water_running_in_a_street_gutter_drain/105040_Tomlija.mp3,rain.drain,,
weather/2f_water_running_in_a_street_gutter_drain/249927_launemax.mp3,rain.drain,,
weather/2f_water_running_in_a_street_gutter_drain/258187_martialway47.mp3,rain.drain,,
weather/2f_water_running_in_a_street_gutter_drain/566347_Garuda1982.mp3,rain.drain,,
weather/3_post_rain_dripping_from_trees/172632_klankbeeld.mp3,rain.drips,avoid 770-800,bell at 13 min
weather/3_post_rain_dripping_from_trees/554417_bruno.auzet.mp3,rain.drips,,
weather/3_post_rain_dripping_from_trees/628404_xkeril.mp3,rain.drips,,
weather/3_post_rain_dripping_from_trees/749473_newlocknew.mp3,rain.drips,,chapel bells avoided by loud-event check if loud
weather/4a_light_snowfall_near_silence_muffled_town/191219_klankbeeld.mp3,snow.light,,
weather/4a_light_snowfall_near_silence_muffled_town/551118_BurghRecords.mp3,snow.light,,
weather/4a_light_snowfall_near_silence_muffled_town/625231_klankbeeld.mp3,snow.light,,
weather/4a_light_snowfall_near_silence_muffled_town/842985_shouya_trumpet.mp3,snow.light,,
weather/4a_light_snowfall_near_silence_muffled_town/845502_TSP-Talk.mp3,snow.light,,
weather/4b_wet_snow_sleet/178190_klankbeeld.mp3,snow.wet,,
weather/4b_wet_snow_sleet/418246_haraldthi.mp3,snow.wet,,
weather/4b_wet_snow_sleet/844824_CalebLopez.mp3,snow.wet,,sleet on snowy street; train whistle avoided by loud-event check if loud
weather/4b_wet_snow_sleet/89488_pcaeldries.mp3,snow.wet,,
weather/4c_blizzard_wind_snow/22606_martypinso.mp3,snow.blizzard,,
weather/4c_blizzard_wind_snow/413365_klankbeeld.mp3,snow.blizzard,use 1500-2407,wind builds after ~25 min; kids at start
weather/4c_blizzard_wind_snow/413608_klankbeeld.mp3,snow.blizzard,,
weather/4c_blizzard_wind_snow/754256_HECKFRICKER.mp3,snow.blizzard,,
weather/4d_hail_on_street_roofs/232284_zachrau.mp3,hail,,
weather/4d_hail_on_street_roofs/232288_zachrau.mp3,hail,,
weather/4d_hail_on_street_roofs/240295_davidmenke.mp3,hail,,
weather/4d_hail_on_street_roofs/347003_klankbeeld.mp3,hail,,hail on corrugated roof (inside)
weather/4d_hail_on_street_roofs/393864_JonnyThePonny.mp3,hail,,
weather/4d_hail_on_street_roofs/844074_TSP-Talk.mp3,hail,,
weather/5a_close_sharp_crack/321654_InspectorJ.mp3,thunder.close,,
weather/5a_close_sharp_crack/361772_kingsrow.mp3,thunder.rain,,crack with rain
weather/5a_close_sharp_crack/434359_csengeri.mp3,thunder.close,,
weather/5a_close_sharp_crack/446753_BlueDelta.mp3,thunder.close,,
weather/5b_mid_distance_rumble/194364_Dave%20Welsh.mp3,thunder.mid,,
weather/5b_mid_distance_rumble/367702_BlueDelta.mp3,thunder.mid,,
weather/5b_mid_distance_rumble/529535_straget.mp3,thunder.mid,,
weather/5b_mid_distance_rumble/56582_reinsamba.mp3,thunder.rain,,thunderclap in city rain
weather/5b_mid_distance_rumble/868579_BobVoldar.mp3,thunder.mid,,
weather/5c_distant_rolling_rumble/115253_matucha.mp3,thunder.far,,
weather/5c_distant_rolling_rumble/18045_dobroide.mp3,thunder.far,,
weather/5c_distant_rolling_rumble/267550_Yoyodaman234.mp3,thunder.far,,
weather/5c_distant_rolling_rumble/361401_richwise.mp3,thunder.far,,
weather/5c_distant_rolling_rumble/867986_klankbeeld.mp3,thunder.rain,,far thunder with rain
weather/6a_light_moderate_strong_gusts_in_open_areas/167684_felix.blume.mp3,wind.strong,,strong wind (title/report)
weather/6a_light_moderate_strong_gusts_in_open_areas/172864_klankbeeld.mp3,wind.moderate,,moderate wind (title/report)
weather/6a_light_moderate_strong_gusts_in_open_areas/467445_felix.blume.mp3,wind.light,,light wind (title/report)
weather/6a_light_moderate_strong_gusts_in_open_areas/826923_klankbeeld.mp3,wind.strong,,strong wind in a town park
weather/6b_through_deciduous_trees_in_leaf_rustle/131032_klankbeeld.mp3,wind.deciduous,,
weather/6b_through_deciduous_trees_in_leaf_rustle/403051_teadrinker.mp3,wind.deciduous,,
weather/6b_through_deciduous_trees_in_leaf_rustle/489774_kvgarlic.mp3,wind.deciduous,,wind in oaks
weather/6b_through_deciduous_trees_in_leaf_rustle/489774_kvgarlic.mp3,wind.leaves_ground,,dry leaves on asphalt
weather/6b_through_deciduous_trees_in_leaf_rustle/523389_Anya_Media.mp3,wind.deciduous,,
weather/6c_through_conifers_whoosh_roar/109485_BudJillett.mp3,wind.conifer,,
weather/6c_through_conifers_whoosh_roar/174095_klankbeeld.mp3,wind.conifer,,
weather/6c_through_conifers_whoosh_roar/86345_surrey_film.mp3,wind.conifer,,
weather/6d_through_bare_winter_branches_whistle/217696_klankbeeld.mp3,wind.bare,,
weather/6d_through_bare_winter_branches_whistle/502523_Simon%20Spiers.mp3,wind.bare,,
weather/6d_through_bare_winter_branches_whistle/548173_klankbeeld.mp3,wind.bare,,
weather/6d_through_bare_winter_branches_whistle/637566_kyles.mp3,wind.bare,,
weather/6e_dry_autumn_leaves_rustling_skittering_on_paveme/129427_le_abbaye_Noirlac.mp3,wind.leaves_ground,,leaves rustling in a tree; closest slot
weather/6e_dry_autumn_leaves_rustling_skittering_on_paveme/253535_kvgarlic.mp3,wind.leaves_ground,,
weather/6e_dry_autumn_leaves_rustling_skittering_on_paveme/457318_Stek59.mp3,wind.leaves_ground,,
weather/6f_wind_humming_singing_in_overhead_wires_tram_cat/362121_YleArkisto.mp3,wind.wires,,
weather/6f_wind_humming_singing_in_overhead_wires_tram_cat/362915_YleArkisto.mp3,wind.wires,,
weather/6f_wind_humming_singing_in_overhead_wires_tram_cat/666174_felix.blume.mp3,wind.wires,,
weather/6f_wind_humming_singing_in_overhead_wires_tram_cat/836523_George_Papargyris.mp3,wind.wires,,
