source,region,why
freesound:394411,uk,London Waterloo station
freesound:583604,uk,York station
freesound:733580,uk,southern England platform
aporee:32460,uk,Dorchester South platform
freesound:817279,uk,a guard's whistle (British platforms)
freesound:264321,uk,a guard's whistle (British platforms)
freesound:386480,de,Berlin S-Bahn announcements
freesound:560907,de,Berlin S-Bahn
freesound:645697,de,German announcements (Ostkreuz)
freesound:692936,de,Berlin S-Bahn door signal
commons:S-Bahn_Berlin_-_Tür_schließen.ogg,de,Berlin S-Bahn door signal
commons:Türsignal_der_S-Bahn_Berlin.wav,de,Berlin S-Bahn door signal
freesound:400203,de,Frankfurt main station
freesound:528103,de,Berlin S-Bahn
freesound:608860,de,Leipzig main station
freesound:727286,de,Berlin station
freesound:124437,de,German school gong (Rinteln)
freesound:174031,de,German school bell (Essen)
freesound:203653,de,German school gong
