file,title,author,license,page
commons/Bue_Laeutewerk_zweifach.ogg,Bue Laeutewerk zweifach,MdE,https://creativecommons.org/licenses/by-sa/3.0/,https://commons.wikimedia.org/wiki/File:Bue_Laeutewerk_zweifach.ogg
"commons/BÜ_DE,_Schrankensignal,_5.ogg","BÜ DE, Schrankensignal, 5",Renardo la vulpo,https://creativecommons.org/publicdomain/zero/1.0/,"https://commons.wikimedia.org/wiki/File:B%C3%9C_DE,_Schrankensignal,_5.ogg"
commons/Columba_palumbus_birdsong.ogg,Columba palumbus birdsong,Oona Räisänen (Mysid),https://creativecommons.org/publicdomain/mark/1.0/,https://commons.wikimedia.org/wiki/File:Columba_palumbus_birdsong.ogg
commons/Erdkröte_Paarungsruf.OGG,Erdkröte Paarungsruf,Rabe19,https://creativecommons.org/publicdomain/mark/1.0/,https://commons.wikimedia.org/wiki/File:Erdkr%C3%B6te_Paarungsruf.OGG
commons/Gelaeut_Retzbach_Wallfahrtskirche_14Uhr_Sa_20240413_140026.ogg,Gelaeut Retzbach Wallfahrtskirche 14 Uhr Sa 20240413,Evillan,https://creativecommons.org/publicdomain/zero/1.0/,https://commons.wikimedia.org/wiki/File:Gelaeut_Retzbach_Wallfahrtskirche_14Uhr_Sa_20240413_140026.ogg
commons/Glocken.Mater.Dolorosa.ogg,Glocken Mater Dolorosa (Berlin-Lankwitz),Membeth,https://creativecommons.org/publicdomain/zero/1.0/,https://commons.wikimedia.org/wiki/File:Glocken.Mater.Dolorosa.ogg
commons/Grasfrosch_Paarungsrufe.OGG,Grasfrosch Paarungsrufe,Rabe19,https://creativecommons.org/publicdomain/mark/1.0/,https://commons.wikimedia.org/wiki/File:Grasfrosch_Paarungsrufe.OGG
commons/Heilbronn_Kilianskirche_Gelaeut_Sa_20241116_1509.ogg,Heilbronn Kilianskirche Gelaeut Sa 20241116,Karlunun,https://creativecommons.org/publicdomain/zero/1.0/,https://commons.wikimedia.org/wiki/File:Heilbronn_Kilianskirche_Gelaeut_Sa_20241116_1509.ogg
commons/Kauwenslaapplaats_-_SoundCloud_-_luc_de_bruijn.ogg,Kauwenslaapplaats,luc de bruijn,https://creativecommons.org/licenses/by/3.0/,https://commons.wikimedia.org/wiki/File:Kauwenslaapplaats_-_SoundCloud_-_luc_de_bruijn.ogg
"commons/Konstanz,_Hafenuhr,_1.ogg","Konstanz, Hafenuhr, 1",Renardo la vulpo,https://creativecommons.org/publicdomain/zero/1.0/,"https://commons.wikimedia.org/wiki/File:Konstanz,_Hafenuhr,_1.ogg"
commons/LindauMuenster.ogg,LindauMuenster,Ramessos,https://creativecommons.org/publicdomain/mark/1.0/,https://commons.wikimedia.org/wiki/File:LindauMuenster.ogg
commons/Ringeltaube_(ruft).ogg,Ringeltaube (ruft),Sleepytomcat (Jens Kraglund),https://creativecommons.org/publicdomain/mark/1.0/,https://commons.wikimedia.org/wiki/File:Ringeltaube_(ruft).ogg
commons/S-Bahn_Berlin_-_Tür_schließen.ogg,S-Bahn Berlin - Tür schließen,Mopshase12,https://creativecommons.org/publicdomain/mark/1.0/,https://commons.wikimedia.org/wiki/File:S-Bahn_Berlin_-_T%C3%BCr_schlie%C3%9Fen.ogg
commons/St._Matthias_Trier_Kirchenglocken.ogg,St. Matthias Trier Kirchenglocken,Helge Klaus Rieder,https://creativecommons.org/publicdomain/zero/1.0/,https://commons.wikimedia.org/wiki/File:St._Matthias_Trier_Kirchenglocken.ogg
commons/Türsignal_der_S-Bahn_Berlin.wav,Türsignal der S-Bahn Berlin,Gerhard Iben,https://creativecommons.org/publicdomain/zero/1.0/,https://commons.wikimedia.org/wiki/File:T%C3%BCrsignal_der_S-Bahn_Berlin.wav
commons/WimpfenBerg_Stadtkirche_GelaeutSonntags_20250427_103128.ogg,WimpfenBerg Stadtkirche Gelaeut Sonntags 20250427,Evillan,https://creativecommons.org/publicdomain/zero/1.0/,https://commons.wikimedia.org/wiki/File:WimpfenBerg_Stadtkirche_GelaeutSonntags_20250427_103128.ogg
aporee/32460_dorchester_south_platform.flac,Train station platform (Dorchester South),Richie Warburton,https://creativecommons.org/publicdomain/mark/1.0/,https://archive.org/details/aporee_32460_37321
aporee/51484_berlin_hinterhof_blackbird.mp3,Quiet of a new Hinterhof plus an evening blackbird,Peter Cusack,https://creativecommons.org/publicdomain/mark/1.0/,https://archive.org/details/aporee_51484_58743
