file,title
nature/a1_spring_summer_dawn_chorus_urban_park_garden/457616_Pfannkuchn.ogg,"Early Summer Morning Ambience with Birds, Berlin"
nature/a1_spring_summer_dawn_chorus_urban_park_garden/118776_odilonmarcenaro.ogg,Dawn chorus.WAV
nature/a1_spring_summer_dawn_chorus_urban_park_garden/516526_richwise.mp3,UK spring dawn chorus during lockdown
nature/a1_spring_summer_dawn_chorus_urban_park_garden/191787_klankbeeld.mp3,SpringCity5Am NL 130505_03.flac
nature/a1_spring_summer_dawn_chorus_urban_park_garden/275189_odilonmarcenaro.mp3,"English Dawn Chorus, Rural, late spring"
nature/a2_dawn_chorus_woodland/466242_richwise.mp3,Dawn chorus - Hampshire countryside Springtime
nature/a2_dawn_chorus_woodland/347631_Rollo145.mp3,Dawn Chorus - 11th June 2016.wav
nature/a2_dawn_chorus_woodland/851196_Funkelfang.mp3,The Awakening Forest-Early Morning Birds Symphony
nature/a2_dawn_chorus_woodland/856634_Noisyjones.mp3,Henllys Woods 22-06-2026 Dawn Chorus
nature/a3_daytime_deciduous_woodland_summer/693184_Garuda1982.mp3,summer forest atmosphere with birds and insects
nature/a3_daytime_deciduous_woodland_summer/477555_fionablau.mp3,Beech Forest Atmo.wav
nature/a3_daytime_deciduous_woodland_summer/641924_Garuda1982.mp3,windless deciduous forest with birds in summer
nature/a3_daytime_deciduous_woodland_summer/640188_apintofmild.mp3,Woodland Atmos 05 03-06-2022.wav
nature/a3_daytime_deciduous_woodland_summer/571440_Garuda1982.mp3,german mixed forest atmo with birds in the spring sound effect
nature/a4_coniferous_forest/636425_Garuda1982.mp3,windy pine forest with birds atmo
nature/a4_coniferous_forest/867542_zachrau.mp3,Woodpecker drumming in a pine forest
nature/a4_coniferous_forest/849627_Hear_it_use_it.mp3,"Wind in Pine Trees, Soft Rustle, Slaley Forest, ORTF Stereo"
nature/a4_coniferous_forest/111490_Dr.%20Macak.mp3,"ATM-LES-CIST-1,50.wav"
nature/a5_winter_forest_sparse_quiet/383506_klankbeeld.mp3,Pinewood In Memoriam - Febr 05 NL Giersbergen -33dB 170215_1085.flac
nature/a5_winter_forest_sparse_quiet/726466_klankbeeld.mp3,winter forest 125 PM 240125_0644
nature/a5_winter_forest_sparse_quiet/563153_chris_dagorne.mp3,Windy UK Woodland in late Winter with European Robin singing
nature/a5_winter_forest_sparse_quiet/215704_klankbeeld.mp3,CalmWinterWoods NL LONG 140120_01.flac
nature/a6_open_field_meadow_summer_skylark_grasshoppers/397983_klankbeeld.mp3,Summer-fields NL 170704_1196.flac
nature/a6_open_field_meadow_summer_skylark_grasshoppers/194343_no_use.mp3,Zernikow Skylarks / Lerchen
nature/a6_open_field_meadow_summer_skylark_grasshoppers/718405_bruno.auzet.mp3,meadow with oriole
nature/a6_open_field_meadow_summer_skylark_grasshoppers/244357_squashy555.mp3,skylark.wav
nature/a6_open_field_meadow_summer_skylark_grasshoppers/198277_miklovan.mp3,Grasshoppers
nature/a7_autumn_field/763264_klankbeeld.mp3,village fields Cromvoirt Netherlands 1035 AM 241103_0937
nature/a7_autumn_field/593685_klankbeeld.mp3,field forest winter 007 NL 201216_0209.flac
nature/a7_autumn_field/209338_Porphyr.mp3,Windy Autumn Forest Soundscape 1
nature/a7_autumn_field/135135_inchadney.mp3,at the edge of the forest.WAV
nature/a8_summer_night_crickets_bush_crickets/642761_Garuda1982.mp3,crickets chirping in the field on summer evening
nature/a8_summer_night_crickets_bush_crickets/203598_raoul_slayer.mp3,CricketsandTawnyOwl.wav
nature/a8_summer_night_crickets_bush_crickets/676639_klankbeeld.mp3,village field  night 2228PM 220811_0495.wav
nature/a8_summer_night_crickets_bush_crickets/530762_kevp888.mp3,200809_1257_FR_NightCrickets.wav
nature/a8_summer_night_crickets_bush_crickets/849166_klankbeeld.mp3,summer great green bush-cricket  river Dommel Singt Michielsgestel Netherlands 327 pm 250710_1157
nature/a8_summer_night_crickets_bush_crickets/118419_zerrofs.mp3,crickets.wav
nature/a9_quiet_countryside_night/769933_klankbeeld.mp3,night fields 0038 AM 240802_0877
nature/a9_quiet_countryside_night/770858_klankbeeld.mp3,summer night fields village 1055 PM 240801_0874
nature/a9_quiet_countryside_night/687446_MaciekKubera.mp3,220802_011 Radawka field Night Crickets Owl Dogs Frogs.wav
nature/a9_quiet_countryside_night/400353_savvah.mp3,Village Night Crickets
nature/a10_pond_lake_shore_ducks_and_coots/759738_Garuda1982.mp3,Village pond with bird sounds and natural background
nature/a10_pond_lake_shore_ducks_and_coots/416038_Kinoton.mp3,Ducks and Geese at the Lake
nature/a10_pond_lake_shore_ducks_and_coots/67884_Benboncan.mp3,Lake Waves 2.wav
nature/a10_pond_lake_shore_ducks_and_coots/318064_ceich93.mp3,Water_Lapping_River.wav
nature/a10_pond_lake_shore_ducks_and_coots/641717_Garuda1982.mp3,natural pond with birds and reeds rustling in the wind
nature/a10_pond_lake_shore_ducks_and_coots/250178_klankbeeld.mp3,Pond city-park wind Den-Bosch NL 140925-01.wav
nature/a11_spring_frog_chorus/431340_eardeer.mp3,frogpond.wav
nature/a11_spring_frog_chorus/147590_Benboncan.mp3,More Frogs.flac
nature/a11_spring_frog_chorus/117147_Benboncan.mp3,Toads Sh.wav
nature/a11_spring_frog_chorus/54920_inchadney.mp3,Frogs in town.wav
nature/a11_spring_frog_chorus/634459_klankbeeld.mp3,frogs in ditch 220517_0351.flac
nature/a12_urban_courtyard_garden_birds_with_faint_distan/560354_Garuda1982.mp3,city ​​atmo city courtyard sparrows birds without people background sound effect
nature/a12_urban_courtyard_garden_birds_with_faint_distan/851386_Garuda1982.mp3,Courtyard ambience with pigeons and city sounds in spring
nature/a12_urban_courtyard_garden_birds_with_faint_distan/727290_bruno.auzet.mp3,Berlin winter morning
nature/a12_urban_courtyard_garden_birds_with_faint_distan/93452_inchadney.mp3,Backyard in Berlin in March.WAV
nature/a12_urban_courtyard_garden_birds_with_faint_distan/848273_TimoSchmied.mp3,Spring Sunday morning atmo (Berlin residential area)
nature/a12_urban_courtyard_garden_birds_with_faint_distan/669172_GregorQuendel.mp3,"City Park Ambience - Berlin / Spring - With Birds, Cars and Planes - Part I.wav"
nature/common_blackbird_turdus_merula/578852_richwise.mp3,Blackbird in summer
nature/common_blackbird_turdus_merula/811988_richwise.mp3,Blackbird (isolated)
nature/common_blackbird_turdus_merula/72947_Benboncan.mp3,Blackbird.wav
nature/common_blackbird_turdus_merula/851183_Funkelfang.mp3,Blackbird Song & Village Soundscape
nature/european_robin_erithacus_rubecula/725331_Sacha.Julien.mp3,"Robin song, good Quality, Forest south of France"
nature/european_robin_erithacus_rubecula/350968_YleArkisto.mp3,"Punarinta, laulu / Robin, redbreast, clear song, singing late in the evening, some faint sounds in the bg (Erithacus rubecula)"
nature/european_robin_erithacus_rubecula/165527_inchadney.mp3,Robin alarm call.wav
nature/chaffinch_fringilla_coelebs/53973_reinsamba.mp3,chaffinch_black_forest.wav
nature/chaffinch_fringilla_coelebs/69301_inchadney.mp3,Chaffinch.WAV
nature/chaffinch_fringilla_coelebs/828439_farandjoun.mp3,Chaffinch near a mountain stream
nature/great_tit_parus_major/346066_pulswelle.mp3,Great Tit At Dawn (Kohlmeise).wav
nature/great_tit_parus_major/849566_GirlWithSoundRecorder.mp3,Great Tit (Parus major) Birdsong
nature/great_tit_parus_major/607242_D4XX.mp3,Great Tit
nature/blue_tit_cyanistes_caeruleus/34196_reinsamba.mp3,tit_warning_call_2007_04_25.wav
nature/blue_tit_cyanistes_caeruleus/52184_ERH.mp3,Sk310308 blue tit gun.wav
nature/blue_tit_cyanistes_caeruleus/556929_Cinetony.mp3,Birds in the morning garden with a distant train
nature/house_sparrow_passer_domesticus/383160_BeeProductive.mp3,House sparrow.wav
nature/house_sparrow_passer_domesticus/670176_freemaster2.mp3,House sparrows
nature/house_sparrow_passer_domesticus/30338_ERH.mp3,sparrows.wav
nature/wood_pigeon_columba_palumbus/607224_D4XX.mp3,Wood Pigeon Call
nature/wood_pigeon_columba_palumbus/613924_klankbeeld.mp3,Common Wood-Pigeon 200503_0170 marienburgtuin.wav
nature/feral_rock_pigeon_cooing_and_wing_flaps/701282_5ro4.mp3,pigeon walking and cooing.wav
nature/feral_rock_pigeon_cooing_and_wing_flaps/528250_csaszi.mp3,pigeons_fly away_ wing flaps_CsG
nature/feral_rock_pigeon_cooing_and_wing_flaps/387207_BeeProductive.mp3,feral pigeons.wav
nature/feral_rock_pigeon_cooing_and_wing_flaps/608899_theplax.mp3,Pigeons Under Bridge.wav
nature/common_swift_apus_apus/478455_Kinoton.mp3,Isolated Swift Calls
nature/common_swift_apus_apus/611708_Kinoton.mp3,"Ambience, City, Summer Evening, Swift Calls"
nature/common_swift_apus_apus/745891_bruno.auzet.mp3,swifts in Rennes
nature/common_swift_apus_apus/102245_inchadney.mp3,summer evening in town.WAV
nature/carrion_crow_corvus_corone/181088_cfrooos.mp3,Kraehenruf.mp3
nature/carrion_crow_corvus_corone/616649_klankbeeld.mp3,Carrion Crow CLEAN 1228 PM  220124_0326.wav
nature/carrion_crow_corvus_corone/96950_Benboncan.mp3,Carrion Crows.wav
nature/carrion_crow_corvus_corone/58838_reinsamba.mp3,1206countryside_crow.wav
nature/rook_corvus_frugilegus/855714_Shuhmi.mp3,AmbBird_Rookery Breeding Season Urban Background_SHMI_ZW Vol 1
nature/rook_corvus_frugilegus/556221_Walking.With.Microphones.mp3,Rook (Corvus frugilegus)
nature/rook_corvus_frugilegus/744595_genghisattenborough.mp3,Rook Kravi Hora
nature/jackdaw_coloeus_monedula/826901_bruno.auzet.mp3,jackdaws swift sumer evening at Rostrenen 1
nature/jackdaw_coloeus_monedula/612814_GeniusKevin.mp3,Group of jackdaw
nature/jackdaw_coloeus_monedula/716504_naturenotesuk.mp3,Jackdaws on a Cliff by the Sea
nature/magpie_pica_pica/555096_naturenotesuk.mp3,Eurasian Magpie Calling
nature/magpie_pica_pica/402971_straget.mp3,A screeching Magpie in the top of a birch.wav
nature/magpie_pica_pica/264326_YleArkisto.mp3,"Harakka räkättää / Magpie chattering in the spring, small birds in the bg"
nature/starling_sturnus_vulgaris/572500_Garuda1982.mp3,swarm of singing starlings with a rushing wind in the trees
nature/starling_sturnus_vulgaris/254983_dommygee.mp3,Murmuration edit.wav
nature/starling_sturnus_vulgaris/371315_oudodou.mp3,Vauxhall.wav
nature/skylark_alauda_arvensis/159374_reinsamba.mp3,2012_6_14_1070_skylark.wav
nature/skylark_alauda_arvensis/399221_Veridiansunrise.mp3,Tempelhof Skylark
nature/tawny_owl_strix_aluco/116663_Benboncan.mp3,A Parliament Of Tawny Owls.wav
nature/tawny_owl_strix_aluco/735744_Vrymaa.mp3,"Bird - Tawny owl, female"
nature/tawny_owl_strix_aluco/454842_thegoosington.mp3,HOOT.wav
nature/tawny_owl_strix_aluco/202917_sean.townsend.mp3,Tawny Owl - Male
nature/nightingale_luscinia_megarhynchos/732426_pulswelle.mp3,Nightingale  - 1h - Nachtigall - 1Std. 48khz
nature/nightingale_luscinia_megarhynchos/515220_JappeHallunken.mp3,Nachtigall Nightingale
nature/nightingale_luscinia_megarhynchos/120226_reinsamba.mp3,nightingale song 5.wav
nature/nightingale_luscinia_megarhynchos/871381_MichiJung.mp3,Nightingales at Night
nature/common_cuckoo_cuculus_canorus/425315_chris_dagorne.mp3,UK Deciduous Wood in early Spring with Cuckoo
nature/common_cuckoo_cuculus_canorus/35053_reinsamba.mp3,cuckoo_2007_04_17.wav
nature/common_cuckoo_cuculus_canorus/376703_plantmonkey.mp3,Cuckoo
nature/common_cuckoo_cuculus_canorus/121203_inchadney.mp3,Cuckoo.wav
nature/green_woodpecker_picus_viridis_and_great_spotted_w/64063_Benboncan.mp3,Green Woodpecker.wav
nature/green_woodpecker_picus_viridis_and_great_spotted_w/828190_farandjoun.mp3,Green woodpecker 2
nature/green_woodpecker_picus_viridis_and_great_spotted_w/428146_naturenotesuk.mp3,Great Spotted Woodpecker
nature/green_woodpecker_picus_viridis_and_great_spotted_w/828376_klankbeeld.mp3,city park Woodpecker Zaltbommel Netherlands 1123 AM 250203_0991
nature/green_woodpecker_picus_viridis_and_great_spotted_w/631584_Garuda1982.mp3,city ​​park in the morning with woodpeckers
nature/geese_flying_over_greylag_canada_white_fronted_aut/407490_mike_stranks.mp3,Geese Flying Overhead.wav
nature/geese_flying_over_greylag_canada_white_fronted_aut/492414_klankbeeld.mp3,geese high 191028_0085 Lithse Ham.wav
nature/geese_flying_over_greylag_canada_white_fronted_aut/785170_klankbeeld.mp3,Greylag Geese fly over floodplain NL 332 PM 250112_0986
nature/geese_flying_over_greylag_canada_white_fronted_aut/625674_klankbeeld.mp3,Geese CityNight 210209_0248.wav
nature/geese_flying_over_greylag_canada_white_fronted_aut/484825_naturenotesuk.mp3,Flying geese
nature/mallard_anas_platyrhynchos/263104_pillonoise.mp3,mallard and mandarin ducks (with take off)
nature/mallard_anas_platyrhynchos/324087_Iggyf.mp3,North Yorks Mallard Frenzy.flac
nature/mallard_anas_platyrhynchos/411849_straget.mp3,Mallards at the bay.wav
nature/black_headed_gull_chroicocephalus_ridibundus/848876_Fania_Katz.mp3,Very angry black-headed gull at the baltic sea
nature/black_headed_gull_chroicocephalus_ridibundus/32330_ERH.mp3,black headed gulls 3.wav
nature/black_headed_gull_chroicocephalus_ridibundus/483554_naturenotesuk.mp3,September Hanningfield Soundscape
nature/honeybees_bumblebees_on_flowers/397113_Kinoton.mp3,Bumblebee In Lavender
nature/honeybees_bumblebees_on_flowers/521364_taylordonj.mp3,BeesShortBurst.wav
nature/honeybees_bumblebees_on_flowers/528935_fthgurdy.mp3,Bees buzzing 1
nature/honeybees_bumblebees_on_flowers/398162_klankbeeld.mp3,Bumblebees buzzing 170601_1190.ogg
nature/distant_dog_barking_village_suburb/708174_Garuda1982.mp3,big dog barks in the village
nature/distant_dog_barking_village_suburb/554600_Garuda1982.mp3,dog barks in the distance sound effect
nature/distant_dog_barking_village_suburb/360616_klankbeeld.mp3,Dogs night village 01 160823_00.wav
nature/distant_dog_barking_village_suburb/820267_IENBA.mp3,Distant Dogs
nature/cows_mooing_pasture/513565_spurioustransients.mp3,Cow moo #8
nature/cows_mooing_pasture/692841_bruno.auzet.mp3,meadow with cows.wav
nature/cows_mooing_pasture/242602_klankbeeld.mp3,ambient farmland NL 140713_0299.wav
nature/cows_mooing_pasture/163727_felix.blume.mp3,Cow mooing in south of France (Limousin)
nature/rooster_crowing/815127_AudioPapkin.mp3,Polish village - rooster
nature/rooster_crowing/435508_BenjaminNelan.mp3,Rooster Crow 1
nature/rooster_crowing/269199_klankbeeld.mp3,Hamlet morning 01 Bokhoven 150405_0585.wav
nature/rooster_crowing/636870_Garuda1982.mp3,old quarry with birds and rooster
objects/1a_german_full_peal_vollgel_ut_several_minutes/766854_polymorpheva.mp3,NeukollnChurchBells - Katholische Kirche St. Clara
objects/1a_german_full_peal_vollgel_ut_several_minutes/641075_gurlt.mp3,St_Nikolai_Berlin_Spandau.wav
objects/1a_german_full_peal_vollgel_ut_several_minutes/740617_Garuda1982.mp3,Bell ringing Gethsemane Church Leipzig Germany
objects/1a_german_full_peal_vollgel_ut_several_minutes/511546_polymorpheva.mp3,Kölner Dom (Cologne Cathedral) bells
objects/1a_german_full_peal_vollgel_ut_several_minutes/844602_geraldfiebig.mp3,church_bells_St_Ulrich-and-Afra_Augsburg_Germany
objects/1b_single_bell_hour_strikes_stundenschlag_quarter_/500324_claraluzia.mp3,Kirchenglocke.wav
objects/1b_single_bell_hour_strikes_stundenschlag_quarter_/219047_JarredGibb.mp3,Church Clock Strikes 1.wav
objects/1b_single_bell_hour_strikes_stundenschlag_quarter_/219044_JarredGibb.mp3,Church Clock Strikes 12.wav
objects/1b_single_bell_hour_strikes_stundenschlag_quarter_/38010_reinsamba.mp3,church_clock_striking.wav
objects/1b_single_bell_hour_strikes_stundenschlag_quarter_/148742_reinsamba.mp3,120304-004_church_clocks_St.Anna.wav
objects/1c_english_change_ringing_uk_map/660230_richwise.mp3,Church bells
objects/1c_english_change_ringing_uk_map/660336_theplax.mp3,St Peters Bells.wav
objects/1c_english_change_ringing_uk_map/431844_jlm5040.mp3,Church Bells - Bow Bells.wav
objects/1c_english_change_ringing_uk_map/125825_thaighaudio.mp3,"Bells of St Alkelda's Church, Giggleswick, England.flac"
objects/2_school/203653_Hansl.mp3,Gong_Pause_1x.mp3
objects/2_school/124437_dreua.mp3,GongFeb11.wav
objects/2_school/174031_thecityrings.mp3,thecityrings - abouttheschools - schoolbell essen.wav
objects/2_school/174032_thecityrings.mp3,thecityrings - abouttheschools - school courtyard essen.wav
objects/2_school/262677_caquet.mp3,Kids playing on a school-yard
objects/2_school/538220_Garuda1982.mp3,schoolyard playing children atmo
objects/2_school/726511_Pedro_Neon.mp3,Kindergarten
objects/2_school/209901_foongaz.mp3,"City Playground (Boxhagenerplatz, Berlin)"
objects/3_petrol_station_forecourt_car_wash/174735_qubodup.mp3,Next to Shell Gas Station Müllerstraße Berlin Germany.flac
objects/3_petrol_station_forecourt_car_wash/97935_jakobthiesen.mp3,Gas Station Sequence.WAV
objects/3_petrol_station_forecourt_car_wash/176637_jorickhoofd.mp3,peugot 206 car exterior closing door pumping gas bezine ambience birds cars wind
objects/3_petrol_station_forecourt_car_wash/245042_kwahmah_02.mp3,petrol station.wav
objects/3_petrol_station_forecourt_car_wash/451551_WryFighter.mp3,Gas Pump.wav
objects/4_supermarket_exterior/680406_theplax.mp3,Supermarket Car Park.wav
objects/4_supermarket_exterior/482290_richwise.mp3,Larger Car Park
objects/4_supermarket_exterior/183993_qubodup.mp3,Shopping Cart Return.flac
objects/4_supermarket_exterior/209746_Soundscape_Leuphana.mp3,20131119_Shopping Cart Being Removed_H2nXY.wav
objects/4_supermarket_exterior/209978_Soundscape_Leuphana.mp3,20131204_Getting a Shopping cart_ZoomH2nXY.wav
objects/4_supermarket_exterior/453553_kyles.mp3,shopping cart metal rattle push ext.flac
objects/4_supermarket_exterior/854877_qubodup.mp3,Screaching Supermarket Sliding Door
objects/4_supermarket_exterior/232957_ArnyDnD.mp3,AutomaticDoor.wav
objects/5_imbiss_snack_kiosk_ice_cream_parlour_exterior/455653_Audeption.mp3,deep-fryer_sizzle.wav
objects/5_imbiss_snack_kiosk_ice_cream_parlour_exterior/81834_metropolis%20I.mp3,file-imbiss s-bhf prenzlauer allee12.35done.mp3
objects/5_imbiss_snack_kiosk_ice_cream_parlour_exterior/626159_Rolly-SFX.mp3,Belgian chip shop
objects/5_imbiss_snack_kiosk_ice_cream_parlour_exterior/822432_taphonomy.mp3,Chip shop
objects/5_imbiss_snack_kiosk_ice_cream_parlour_exterior/472881_bolkmar.mp3,Kitchen extractor fan
objects/6_outdoor_swimming_pool_freibad/432326_Garuda1982.mp3,outdoor pool & children atmo field recording
objects/6_outdoor_swimming_pool_freibad/529787_bruno.auzet.mp3,outdoor pool.wav
objects/6_outdoor_swimming_pool_freibad/238386_felix.blume.mp3,Swimming pool outdoor in Romania during the summer
objects/6_outdoor_swimming_pool_freibad/172770_Oneirophile.mp3,Open Air Swimming-Pool Ambience
objects/7_sports_ground/542617_fi2lcallpeace.mp3,"Football game_long perspective, evening, suburb.wav"
objects/7_sports_ground/361060_klankbeeld.mp3,Soccer amateurs 02 NL 160925_0978.flac
objects/7_sports_ground/621275_soundguyOndrej.mp3,amateur football game
objects/7_sports_ground/803251_AlexMilsom.mp3,2 men playing tennis
objects/7_sports_ground/319373_hargissssound.mp3,Suburban Park with Children and Tennis Players (binaural)
objects/8_pigeon_loft_pigeons/778143_Beskinsky.mp3,Tauben im Taubenschlag (pigeons)
objects/8_pigeon_loft_pigeons/415019_NickPeeters.mp3,antwerpen duiven vleugels.wav
objects/8_pigeon_loft_pigeons/24972_dobroide.mp3,20061105.pigeon.flac
objects/9_farm/660694_bruno.auzet.mp3,calves in the barn.wav
objects/9_farm/233268_JarredGibb.mp3,Ambience - Cattle Barn - Busy - 96kHzhg.wav
objects/9_farm/583049_Profispiesser.mp3,BG SaSc Cows Eating Barn Close Rattle Metal Birds.wav
objects/9_farm/440508_jmagiera.mp3,MB trac 1400 turbo running idle
objects/9_farm/822396_Rahora.mp3,Tractor with trailer
objects/9_farm/692608_Garuda1982.mp3,chicks chirping
objects/10_bus_depot_garage_yard_weakest_category/454420_kyles.mp3,bus coach ext pull up brake air release idle.wav
objects/10_bus_depot_garage_yard_weakest_category/453415_kyles.mp3,bus coach ext diesel truck engine idle throaty.flac
objects/10_bus_depot_garage_yard_weakest_category/607820_PostProdDog.mp3,bus air brakes and drive away
objects/10_bus_depot_garage_yard_weakest_category/386142_ldezem.mp3,Air compressor - After run
objects/11_workshop_metalworking_schlosserei/636858_Alex_hears_things.mp3,Distant Angle Grinder.wav
objects/11_workshop_metalworking_schlosserei/475217_jodybruchon.mp3,Ambience - Metal workshop with grinders and machinery.wav
objects/11_workshop_metalworking_schlosserei/189817_iankath.mp3,General Atmosphere of Metal Fabrication Workshop
objects/11_workshop_metalworking_schlosserei/26798_Walter_Odington.mp3,metal workshop quiet 2.wav
objects/11_workshop_metalworking_schlosserei/547409_Ian_G.mp3,workshop noise.wav
objects/12_road_works/248152_pulswelle.mp3,Road Works and Jackhammer
objects/12_road_works/277500_dr_elvis01.mp3,JACKHAMMER Tascam DR-05
objects/12_road_works/698751_Petrosilia.mp3,vibratory plate compactor machine
objects/12_road_works/449121_SampleDiaries.mp3,Operating a Plate Compactor.wav
objects/12_road_works/378102_AGFX.mp3,Komatsu S280 Excavator doing road work breaking up pavement 01.wav
objects/12_road_works/422081_Garuda1982.mp3,demolition excavator field recording with zoom h2n
objects/12_road_works/610539_xkeril.mp3,Construction site with a concrete mixer
urban/8_industrial_area/197166_Disasteradio.mp3,Truck Reverse Beeper.wav
objects/12_road_works/341268_JoeDinesSound.mp3,"Road Works in Swiss Cottage, London"
objects/13_transformer_substation_hum_50_hz_and_street_lam/167673_Zabuhailo.mp3,electrical substation_hum.wav
objects/13_transformer_substation_hum_50_hz_and_street_lam/577462_dibko.mp3,distribution transformer station.wav
objects/13_transformer_substation_hum_50_hz_and_street_lam/680647_ID_23.mp3,Walking past the Substation .WAV
objects/13_transformer_substation_hum_50_hz_and_street_lam/649260_Fedor_Ogon.mp3,electric transformer.wav
objects/13_transformer_substation_hum_50_hz_and_street_lam/434070_namikiri.mp3,Street light noise
objects/13_transformer_substation_hum_50_hz_and_street_lam/590134_namikiri.mp3,sodium lamp ballast hum.wav
objects/13_transformer_substation_hum_50_hz_and_street_lam/542623_fi2lcallpeace.mp3,Uptown neigborhood_night_streetlight buzz.WAV.wav
objects/14_railway_station/727286_bruno.auzet.mp3,Berlin train station 01
urban/6c_platform_ambience_with_unintelligible_announcem/645697_polymorpheva.mp3,Platform announcements.wav
objects/14_railway_station/553190_NachtmahrTV.mp3,Train Station
objects/14_railway_station/400203_Lichtbildner.mp3,Main Station. Frankfurt/M.wav
objects/14_railway_station/560907_Pfannkuchn.mp3,S-Bahn Berlin - Train arrives at station and departs
objects/14_railway_station/692936_iainmccurdy.mp3,"S-Bahn Arriving, Stopping, Departing Schulzendorf Station (Berlin)"
objects/14_railway_station/817279_Urkki69.mp3,Conductor Blowing a Whistle
objects/14_railway_station/264321_olliehahn12.mp3,Train Whistle.aif
objects/14_railway_station/121260_ondrosik.mp3,railway-crossing-bell.wav
objects/15_pedestrian_crossing_signals/566342_Garuda1982.mp3,Acoustic traffic signal for blind pedestrians
objects/15_pedestrian_crossing_signals/718647_LukasGoldbach.mp3,Ampel Kreuzung 08
objects/15_pedestrian_crossing_signals/855047_SMKoski02.mp3,Kotti_TrafficLights_Street_Ambiance
objects/15_pedestrian_crossing_signals/347332_gladkiy.mp3,"Berlin, Friedrichstraße Kochstraße crossroad amb OMNI.wav"
objects/15_pedestrian_crossing_signals/395610_BeeProductive.mp3,pedestrian crossing.wav
objects/15_pedestrian_crossing_signals/147848_MacFerret_20.mp3,AbdnC_KingStPelican_120225.wav
objects/15_pedestrian_crossing_signals/107220_keithpeter.mp3,bristol-road-traffic-mid-morning-friday-crossing-bleeps.wav
objects/15_pedestrian_crossing_signals/95294_loljames.mp3,Town road traffic by pelican crossing (uk).wav
urban/1a_day/426894_danner.mp3,Ambience_Berlin_Rooftop.wav
urban/1a_day/427096_danner.mp3,Ambience_Berlin_Balcony.flac
urban/1a_day/495866_Yakobb1.mp3,City Ambience Distant Stereo.wav
urban/1a_day/219877_klankbeeld.mp3,city hum 3am winter 140217_0090.wav
urban/1b_night/642296_fred.rabelo.mp3,Atmo 5 - Dawn City Birds Quiet Summer Germany.wav
urban/1b_night/727292_bruno.auzet.mp3,windy night in Berlin
urban/1b_night/178704_Carlvus.mp3,London UK Ambience Feb 2013 14
urban/1b_night/321728_Skjor1.mp3,Berlin Street AMB 01
urban/2_residential_apartment_block_courtyard_hinterhof_/849171_simgo.mp3,City Backyard Ambience
urban/2_residential_apartment_block_courtyard_hinterhof_/474189_OneTwo_BER.mp3,windy calm atmosphere in a berlin backyard
urban/2_residential_apartment_block_courtyard_hinterhof_/521001_blaukreuz.mp3,200603_Leipzig_GottschedstrasseBack_morning_ST.wav
urban/2_residential_apartment_block_courtyard_hinterhof_/487432_BockelSound.mp3,"Hinterhof - Berlin-Neukölln, Kinder, Vögel, leichter Wind.wav"
urban/2_residential_apartment_block_courtyard_hinterhof_/238629_SwampCommand.mp3,Berlin City Courtyard in the evening
urban/2_residential_apartment_block_courtyard_hinterhof_/487879_BockelSound.mp3,"Stadt - Winter, Morgen, Innenhof.wav"
urban/3_suburb_detached_houses_quiet_distant_road_birds/736868_Garuda1982.mp3,atmosphere in the suburban garden
urban/3_suburb_detached_houses_quiet_distant_road_birds/851175_Garuda1982.mp3,Cherry Blossom Tree Ambience Birds and Distant Road Noise
urban/3_suburb_detached_houses_quiet_distant_road_birds/386932_richwise.mp3,Spring in Southampton
urban/3_suburb_detached_houses_quiet_distant_road_birds/784086_IanGW.mp3,snowmelt in suburbia
urban/3_suburb_detached_houses_quiet_distant_road_birds/660878_DarkProductions_2016.mp3,Outdoor ambience on a wet day
urban/4_village_very_quiet_rural_distant_farm_machinery_/847111_TSP-Talk.mp3,"Altenthann – Midday Rural Village Ambience with Birds, Children, Distant Traffic & Aircraft Events (03 Mar 2026) - 260303_001"
urban/4_village_very_quiet_rural_distant_farm_machinery_/852010_Garuda1982.mp3,Spring Birds at the Edge of a Field with Distant Village Sounds
urban/4_village_very_quiet_rural_distant_farm_machinery_/565321_richwise.mp3,UK Farmland at dawn in the Spring
urban/4_village_very_quiet_rural_distant_farm_machinery_/808021_IanGW.mp3,field recordind Whitegate chuchyard cheshire england 20-may-2025
urban/4_village_very_quiet_rural_distant_farm_machinery_/511193_lazymonk.mp3,English Countryside with Church Bells (Long).flac
urban/5_distant_motorway_autobahn_roar_and_distant_arter/583294_Profispiesser.mp3,BG SaSc Autobahn Highway Background Far Germany.wav
urban/5_distant_motorway_autobahn_roar_and_distant_arter/658590_Tom_Kaszuba.mp3,Distant Highway Sound.
urban/5_distant_motorway_autobahn_roar_and_distant_arter/208502_monotraum.mp3,"highway, atmo, distant.wav"
urban/5_distant_motorway_autobahn_roar_and_distant_arter/467941_stefan_machu.mp3,GiessHübel-Nacht-310817-zoom0080-Autobahn1.mp3
urban/5_distant_motorway_autobahn_roar_and_distant_arter/469597_richwise.mp3,"By the river in Ringwood, May 2019"
urban/6a_distant_train_passing_s_bahn_regional_freight/560912_Pfannkuchn.mp3,"S-Bahn Berlin - train passing by in distance, arriving in station"
urban/6a_distant_train_passing_s_bahn_regional_freight/633133_Garuda1982.mp3,distant train with horn
urban/6a_distant_train_passing_s_bahn_regional_freight/475501_o_ciz.mp3,Train_distant_1.wav
urban/6a_distant_train_passing_s_bahn_regional_freight/750594_Irmsch.mp3,TRAIN_passingby_germanRegionalTrain_ruralArea_IrmH24
urban/6a_distant_train_passing_s_bahn_regional_freight/547950_greysound.mp3,Distant Train 2 RX.flac
urban/6a_distant_train_passing_s_bahn_regional_freight/756215_Geoff-Bremner-Audio.mp3,Freight Train Distant Above Perspective
urban/6b_rail_yard_station_area_hum_wheel_clatter_at_dis/643048_TSP-Talk.mp3,Munich Ambience Night Train -003 - 20220719
urban/6b_rail_yard_station_area_hum_wheel_clatter_at_dis/399228_randomuser22.mp3,GilchingBahnhof.wav
urban/6b_rail_yard_station_area_hum_wheel_clatter_at_dis/812360_giuliorasi.mp3,Rail Grinding Machine with Rythmic Clang Berlin Night
urban/6c_platform_ambience_with_unintelligible_announcem/528103_Garuda1982.mp3,berlin city train atmo s-bahn
urban/6c_platform_ambience_with_unintelligible_announcem/386480_Skjor1.mp3,S-Bahn Train Approach - Leave & Tannoy
urban/6c_platform_ambience_with_unintelligible_announcem/608860_Garuda1982.mp3,leipzig main station atmo field recording
urban/6c_platform_ambience_with_unintelligible_announcem/349173_whoank.mp3,Sieg ICE +7db.wav
urban/6c_platform_ambience_with_unintelligible_announcem/733580_misperpodcast.mp3,"Train station platform, southern England"
urban/6c_platform_ambience_with_unintelligible_announcem/394411_InspectorJ.mp3,"Ambience, London Waterloo Train Station.wav"
urban/6c_platform_ambience_with_unintelligible_announcem/583604_richwise.mp3,"York Train Station, UK"
urban/7a_room_tones/529580_Garuda1982.mp3,under the highway bridge atmo field recording
urban/7a_room_tones/174737_qubodup.mp3,A Tunnel away from main street (Müllerstraße).flac
urban/7a_room_tones/160002_klangfabrik.mp3,highwayunderpass01.wav
urban/7a_room_tones/517391_Profispiesser.mp3,FXSaSc Berlin Tram Passing Underpass Interior Rumble
urban/7b_impulse_responses_all_cc0/812604_modusmogulus.mp3,IR Underpass Tunnel 32FP 192kHz Whip
urban/7b_impulse_responses_all_cc0/846029_modusmogulus.mp3,"Balloon Pop, 300m Long Steel Tunnel (192khz IR Sample / Impulse Response)"
urban/7b_impulse_responses_all_cc0/345344_BeatsBasteln.mp3,Doerener Tunnel 02.wav
urban/7b_impulse_responses_all_cc0/731465_djericmark.mp3,3.9s Wide Underpass Reverb IR
urban/7b_impulse_responses_all_cc0/816877_newlocknew.mp3,IR_Residential Area.5-Storey Residential Buildings 2_EM
urban/7b_impulse_responses_all_cc0/537673_Tim_Verberne.mp3,IR_ST_Tunnel_02.wav
urban/8_industrial_area/798045_JW_Audio.mp3,"AMBMisc_ Outdoor, Medium Distant Hum, Factory, Birds, Tascam DR-05X, Stereo, 48Khs, 24 bit_JW Audio"
urban/8_industrial_area/553920_RutgerMuller.mp3,Maastricht_Industrial_Estate_with_Nature_at_Night.wav
urban/8_industrial_area/801337_vhio.mp3,"AMBCnst Calm Sunday at the Verkö industrial area with light rain, Karlskrona, Sweden"
urban/8_industrial_area/221927_peridactyloptrix.mp3,Forklift reverse beeping
urban/9_distant_one_shots/451953_kyles.mp3,airplane jet passby overhead high altitude roar2.flac
urban/9_distant_one_shots/636862_Alex_hears_things.mp3,Passenger jet flying overhead and bird noises.wav
urban/9_distant_one_shots/392481_gpag1.mp3,Plane flying overhead distant.wav
urban/9_distant_one_shots/814318_gis_sweden.mp3,Distant Airplane - Loop
urban/9_distant_one_shots/472785_richwise.mp3,Distant Helicopter Left-Right Flyby Stereo
urban/9_distant_one_shots/473539_richwise.mp3,Distant Helicopter Hover
urban/9_distant_one_shots/447767_EricsSoundschmiede.mp3,german_siren_car_driveby_multiple_ambience.wav
urban/9_distant_one_shots/535776_Breviceps.mp3,Distant ambulance & fire truck sirens (Germany)
urban/9_distant_one_shots/581376_Breviceps.mp3,German ambulance passes by
urban/9_distant_one_shots/325280_deleted_user_2104797.mp3,Sirens.wav
urban/9_distant_one_shots/824560_TicAshfield.mp3,UK Ambulance - West Midlands
urban/9_distant_one_shots/732689_LewisEmmott5.mp3,City Centre_Distant Sirens
urban/9_distant_one_shots/824557_TicAshfield.mp3,Cardiff - Ambulance Drive By
urban/9_distant_one_shots/577285_TRP.mp3,"Lawnmover, bit distant, birds, stops, STRAFORD, 2011.wav"
urban/9_distant_one_shots/184946_Hitrison.mp3,"Distant Lawn Mower, Leaf Blower, Weed Eater"
urban/9_distant_one_shots/170338_micadoe.mp3,Chainsaws (distant)
urban/9_distant_one_shots/512876_pblzr.mp3,ChainsawCutting_Distant_4824.wav
urban/9_distant_one_shots/164444_martinimeniscus.mp3,Distant Tractor FF656.aif
urban/9_distant_one_shots/488011_BenDrain.mp3,Tractor_Drive_Distant_01.wav
urban/9_distant_one_shots/370305_Euphrosyyn.mp3,SFX_Door_ResidentialBuildingEntrance_BuzzAndOpen.wav
urban/9_distant_one_shots/626804_rimidaL.mp3,Garbage Truck [distant perspective] 1m40s.WAV
urban/9_distant_one_shots/204841_Yuval.mp3,distant street cleaners
urban/9_distant_one_shots/615841_crowcountingman.mp3,Snow Shoveling.wav
urban/9_distant_one_shots/578121_ilmari_freesound.mp3,2021-01-12-shoveling-snow.wav
urban/9_distant_one_shots/513393_shelbyshark.mp3,Far Away Leaf Blower.wav
urban/9_distant_one_shots/841160_anderperetx.mp3,New years eve Berlin fireworks
urban/9_distant_one_shots/455517_richwise.mp3,New Years Eve 2018 and New Year 2019
urban/9_distant_one_shots/456201_Archos.mp3,New Year Celebration 2019 Distant Fireworks
urban/9_distant_one_shots/552382_Garuda1982.mp3,distant fireworks new year's eve field recording
urban/10_crowd_walla_unintelligible_distant/459161_LudwigMueller.mp3,AMBLM ext day people crowd walla berlin kulturforum international german english summer
urban/10_crowd_walla_unintelligible_distant/457606_Pfannkuchn.mp3,Party-People outdoor 01 (german)
urban/10_crowd_walla_unintelligible_distant/550916_Profispiesser.mp3,BGSaSc Walla Medium Crowd German Berlin Talking People 01
urban/10_crowd_walla_unintelligible_distant/405317_kyles.mp3,"outdoor community festival wide general activity crowd german and english voices and movement steps grass, distant banging construction nearby traffic and tree wind.wav"
urban/10_crowd_walla_unintelligible_distant/362353_Pandos.mp3,Crowd at a British wedding reception venue
urban/10_crowd_walla_unintelligible_distant/872738_SignatureSoundsOrg.mp3,Walla_Wetherspoons_The_Justice_Mill_Aberdeen_Scotland_01
urban/10_crowd_walla_unintelligible_distant/731247_soundandmelodies.mp3,"AMB-Walla,English-LondonGatwickAirport-29Sep2022,1106H"
weather/1a_drizzle_light_rain/262029_klankbeeld.mp3,DrizzlyWoodsMoorlandFens 150119_0517.wav
weather/1a_drizzle_light_rain/380651_BonnyOrbit.mp3,Light rain on street.wav
weather/1a_drizzle_light_rain/171980_conleec.mp3,AMB_M_City_Rain_Light.wav
weather/1a_drizzle_light_rain/66415_vedas.mp3,light rain 1.wav
weather/1b_moderate_rain/871284_klankbeeld.mp3,traffic moderate rain suburban 's-Hertogenbosch Netherlands 1106 am 260602_0121
weather/1b_moderate_rain/217236_roofusj.mp3,steady rain in the city.wav
weather/1b_moderate_rain/868976_klaard.mp3,thundery summer rain 01
weather/1b_moderate_rain/868977_klaard.mp3,thundery summer rain 02
weather/1c_heavy_downpour/759327_iainmccurdy.mp3,Downpour And Thunder
weather/1c_heavy_downpour/641865_Garuda1982.mp3,short heavy summer rain
weather/1c_heavy_downpour/243629_lebaston100.mp3,Heavy Rain
weather/1c_heavy_downpour/171981_conleec.mp3,AMB_M_City_Rain_Heavy.wav
weather/2a_on_asphalt_street/276875_FrojeoStern.mp3,rainy night at a crossroad
weather/2a_on_asphalt_street/149241_conleec.mp3,AMB_Ext_Rain_Residential_001.wav
weather/2a_on_asphalt_street/24370_dobroide.mp3,20061026.rain.2cars.flac
weather/2b_on_tree_foliage/169031_tim.kahn.mp3,light forest rain.wav
weather/2b_on_tree_foliage/757276_Garuda1982.mp3,Gentle Rain on Leaves with Soft Wind and Suburban Ambience
weather/2b_on_tree_foliage/678435_Borgory.mp3,Soft Rain in Forest Raindrops fall on leaves
weather/2b_on_tree_foliage/370154_dobroide.mp3,20161127_rain.on.foliage.wav
weather/2c_on_a_metal_plastic_shelter_roof_heard_from_unde/243969_Metzik.mp3,Rain on plastic roof.wav
weather/2c_on_a_metal_plastic_shelter_roof_heard_from_unde/650428_frenkfurth.mp3,Rain on roof 0001.wav
weather/2c_on_a_metal_plastic_shelter_roof_heard_from_unde/239939_GregorQuendel.mp3,Rain falling on a metal roof - 96 kHz / 24 Bit
weather/2c_on_a_metal_plastic_shelter_roof_heard_from_unde/669484_xkeril.mp3,Light rain on roof
weather/2c_on_a_metal_plastic_shelter_roof_heard_from_unde/181033_Toby_Crane.mp3,Liverpool Bus Stop Raining Part 1.wav
weather/2d_into_puddles/184629_Erbsland-Music.mp3,"Rain on Window Ledge, Drops and Spashes"
weather/2e_gutter_downpipe_gurgling/71594_digifishmusic.mp3,Downpipe2.wav
weather/2e_gutter_downpipe_gurgling/346566_hannagreen.mp3,downpipe rain thunder.wav
weather/2e_gutter_downpipe_gurgling/465698_realgone.mp3,rain water downpipe.wav
weather/2e_gutter_downpipe_gurgling/747532_holstebroe.mp3,Downpipe garden rain
weather/2f_water_running_in_a_street_gutter_drain/258187_martialway47.mp3,Storm Drain
weather/2f_water_running_in_a_street_gutter_drain/105040_Tomlija.mp3,sewer water.aif
weather/2f_water_running_in_a_street_gutter_drain/249927_launemax.mp3,gully with water drips
weather/2f_water_running_in_a_street_gutter_drain/566347_Garuda1982.mp3,rain retention basin water runoff sound effect
weather/3_post_rain_dripping_from_trees/554417_bruno.auzet.mp3,after rain.wav
weather/3_post_rain_dripping_from_trees/749473_newlocknew.mp3,AMBPark_Summer.After The Rain.Drops From The Foliage.Ringing Bells.Traffic_EM
weather/3_post_rain_dripping_from_trees/628404_xkeril.mp3,Water dripping after the rain
weather/3_post_rain_dripping_from_trees/172632_klankbeeld.mp3,suburban night 2am 121228_00.flac
weather/4a_light_snowfall_near_silence_muffled_town/845502_TSP-Talk.mp3,Quiet Winter Night with Light Snow & Wind – Altenthann Ambience - 260215_001
weather/4a_light_snowfall_near_silence_muffled_town/625231_klankbeeld.mp3,Cold CityNight 1005PM 210209_0248.wav
weather/4a_light_snowfall_near_silence_muffled_town/191219_klankbeeld.mp3,snow ambience suburb 01 130115_04 130115_05.flac
weather/4a_light_snowfall_near_silence_muffled_town/842985_shouya_trumpet.mp3,Snow Silence - 10min Ambient Winter Soundscape
weather/4a_light_snowfall_near_silence_muffled_town/551118_BurghRecords.mp3,Snow Falling In Scotland.wav
weather/4b_wet_snow_sleet/418246_haraldthi.mp3,Snow_and_dripping.flac
weather/4b_wet_snow_sleet/844824_CalebLopez.mp3,Sleet falls on a snow covered street
weather/4b_wet_snow_sleet/89488_pcaeldries.mp3,JanuarySleet.wav
weather/4b_wet_snow_sleet/178190_klankbeeld.mp3,snowflakesXL umbrella 130214_01.flac
weather/4c_blizzard_wind_snow/413608_klankbeeld.mp3,snowstorm city 02 171211_1249.wav
weather/4c_blizzard_wind_snow/413365_klankbeeld.mp3,snow wind city 171211_1249.flac
weather/4c_blizzard_wind_snow/22606_martypinso.mp3,DMP013016 HEAVYSNOWSTORM.wav
weather/4c_blizzard_wind_snow/754256_HECKFRICKER.mp3,Winter Snowstorm Ambience
weather/4d_hail_on_street_roofs/232284_zachrau.mp3,Hail and rain
weather/4d_hail_on_street_roofs/232288_zachrau.mp3,Hail on roof
weather/4d_hail_on_street_roofs/844074_TSP-Talk.mp3,Altenthann Winter Hailstorm – Rooftop Impact Ambience STEREO (3 February 2026) - 20260203
weather/4d_hail_on_street_roofs/240295_davidmenke.mp3,PARIS_Hailstorm 2014-06-09@1am.wav
weather/4d_hail_on_street_roofs/393864_JonnyThePonny.mp3,Hail Storm
weather/4d_hail_on_street_roofs/347003_klankbeeld.mp3,hail dilapidated barn 160407_03.flac
weather/5a_close_sharp_crack/446753_BlueDelta.mp3,Heavy Thunder Strike - no Rain - QUADRO.wav
weather/5a_close_sharp_crack/434359_csengeri.mp3,Close lightning strike 2018 07 07
weather/5a_close_sharp_crack/321654_InspectorJ.mp3,"Thunder, Very Close, No Rain, C.wav"
weather/5a_close_sharp_crack/361772_kingsrow.mp3,2016-10-06 Thunder Crack.wav
weather/5b_mid_distance_rumble/367702_BlueDelta.mp3,THUNDER long rumbling - no Rain - 4-CHANNEL-44kHz.wav
weather/5b_mid_distance_rumble/529535_straget.mp3,Thunder 2
weather/5b_mid_distance_rumble/868579_BobVoldar.mp3,Thunderclap and Rumble With No Rain 9126
weather/5b_mid_distance_rumble/194364_Dave%20Welsh.mp3,Thunder Clap OWB KY 441x16.wav
weather/5b_mid_distance_rumble/56582_reinsamba.mp3,1174thunderclap2.WAV
weather/5c_distant_rolling_rumble/115253_matucha.mp3,distant_storm_08.wav
weather/5c_distant_rolling_rumble/18045_dobroide.mp3,20060412.thunder.wav
weather/5c_distant_rolling_rumble/361401_richwise.mp3,Distant Thunder
weather/5c_distant_rolling_rumble/267550_Yoyodaman234.mp3,Thunder3
weather/5c_distant_rolling_rumble/867986_klankbeeld.mp3,far thunder city 25 km 1101 pm 260827_156
weather/6a_light_moderate_strong_gusts_in_open_areas/467445_felix.blume.mp3,Field in the surrounding of a small city in Switzerland (Fribourg)
weather/6a_light_moderate_strong_gusts_in_open_areas/172864_klankbeeld.mp3,rural wind Holland Germent 121226_00.wav
weather/6a_light_moderate_strong_gusts_in_open_areas/167684_felix.blume.mp3,Strong wind blowing in the plain in Anatolia (Turkey)
weather/6a_light_moderate_strong_gusts_in_open_areas/826923_klankbeeld.mp3,strong wind in park Kijk in de Pot - Bergen op Zoom 459 pm 250915_0024
weather/6b_through_deciduous_trees_in_leaf_rustle/131032_klankbeeld.mp3,wind in tree  white birch 01.wav
weather/6b_through_deciduous_trees_in_leaf_rustle/523389_Anya_Media.mp3,"Forest, close up of trees rustling in the wind.wav"
weather/6b_through_deciduous_trees_in_leaf_rustle/403051_teadrinker.mp3,wind_forest_08_strong_l_01.wav
weather/6b_through_deciduous_trees_in_leaf_rustle/489774_kvgarlic.mp3,Winds and Leaves MIX From October 23rd 2019 Smaller File Size.WAV
weather/6c_through_conifers_whoosh_roar/86345_surrey_film.mp3,Wind in trees-force8-night.aif
weather/6c_through_conifers_whoosh_roar/174095_klankbeeld.mp3,pineforest wind 2-3bft SHORT 130102_00.wav
weather/6c_through_conifers_whoosh_roar/109485_BudJillett.mp3,Wind-Gusts-late-autumn.wav
weather/6d_through_bare_winter_branches_whistle/548173_klankbeeld.mp3,wind bare branches 01 160221_0854.wav
weather/6d_through_bare_winter_branches_whistle/217696_klankbeeld.mp3,Park Wind 140205_0055.wav
weather/6d_through_bare_winter_branches_whistle/637566_kyles.mp3,forest light wind through bare trees winter GREAT FOR FALLING SNOW.flac
weather/6d_through_bare_winter_branches_whistle/502523_Simon%20Spiers.mp3,Stormy winds through the trees.mp3
weather/6e_dry_autumn_leaves_rustling_skittering_on_paveme/253535_kvgarlic.mp3,WindblownLeavesSkitteringAcrossAsphaltOct31st2014.WAV
weather/6e_dry_autumn_leaves_rustling_skittering_on_paveme/457318_Stek59.mp3,Autumn wind and dry leaves.wav
weather/6e_dry_autumn_leaves_rustling_skittering_on_paveme/129427_le_abbaye_Noirlac.mp3,Tree Rustle 3.aif
weather/6f_wind_humming_singing_in_overhead_wires_tram_cat/362915_YleArkisto.mp3,"Tuuli sähkölangoissa / Wind humming and howling in the electric wires, cables, power line, metal tinkling"
weather/6f_wind_humming_singing_in_overhead_wires_tram_cat/362121_YleArkisto.mp3,"Puhelinlangat vonkuvat / Telephone wires howling, humming in the wind."
weather/6f_wind_humming_singing_in_overhead_wires_tram_cat/836523_George_Papargyris.mp3,Wind singing
weather/6f_wind_humming_singing_in_overhead_wires_tram_cat/666174_felix.blume.mp3,"Wind in an electric pole, microphone upwards, slight whistle in the wire, cricket and bird singing, train horn very far away recorded in Texas, Pampa"
